id,placeID,hours,days
1,132012,12:00-22:00;,Sun;
2,132012,12:00-22:00;,Sun;
3,132012,12:00-22:00;,Mon;Tue;Wed;Thu;Fri;
4,132012,12:00-22:00;,Mon;Tue;Wed;Thu;Fri;
5,132012,12:00-22:00;,Sat;
6,132012,12:00-22:00;,Sat;
7,132023,11:00-00:00;,Sat;
8,132023,11:00-00:00;,Sat;
9,132023,11:00-00:00;,Sun;
10,132023,11:00-00:00;,Sun;
11,132023,11:00-00:00;,Mon;Tue;Wed;Thu;Fri;
12,132023,11:00-00:00;,Mon;Tue;Wed;Thu;Fri;
13,132024,11:00-21:00;,Sun;
14,132024,11:00-21:00;,Sun;
15,132024,11:00-21:00;,Mon;Tue;Wed;Thu;Fri;
16,132024,11:00-21:00;,Mon;Tue;Wed;Thu;Fri;
17,132024,11:00-21:00;,Sat;
18,132024,11:00-21:00;,Sat;
19,132026,12:00-14:30;,Mon;Tue;Wed;Thu;Fri;
20,132026,12:00-14:30;,Mon;Tue;Wed;Thu;Fri;
21,132030,12:00-15:00;15:00-21:00;,Sun;
22,132030,12:00-15:00;15:00-21:00;,Sun;
23,132030,12:00-15:00;15:00-21:00;,Mon;Tue;Wed;Thu;Fri;
24,132030,12:00-15:00;15:00-21:00;,Mon;Tue;Wed;Thu;Fri;
25,132030,12:00-15:00;15:00-21:00;,Sat;
26,132030,12:00-15:00;15:00-21:00;,Sat;
27,132097,06:30-21:00;,Mon;Tue;Wed;Thu;Fri;
28,132097,06:30-21:00;,Mon;Tue;Wed;Thu;Fri;
29,132097,06:30-22:00;,Sat;
30,132097,06:30-22:00;,Sun;
31,132097,06:30-22:00;,Sat;
32,132097,06:30-22:00;,Sun;
33,132103,11:00-16:00;16:00-13:00;16:00-12:00;16:00-21:00;,Sun;
34,132103,11:00-16:00;16:00-13:00;16:00-12:00;16:00-21:00;,Sun;
35,132103,11:00-16:00;16:00-13:00;16:00-12:00;16:00-21:00;,Mon;Tue;Wed;Thu;Fri;
36,132103,11:00-16:00;16:00-13:00;16:00-12:00;16:00-21:00;,Mon;Tue;Wed;Thu;Fri;
37,132107,12:00-22:00;,Sat;
38,132107,12:00-22:00;,Sun;
39,132107,12:00-22:00;,Sun;
40,132107,12:00-22:00;,Mon;Tue;Wed;Thu;Fri;
41,132107,12:00-22:00;,Mon;Tue;Wed;Thu;Fri;
42,132107,12:00-22:00;,Sat;
43,132108,17:00-01:00;,Sat;
44,132108,17:00-01:00;,Sun;
45,132108,17:00-01:00;,Sun;
46,132108,17:00-01:00;,Mon;Tue;Wed;Thu;Fri;
47,132108,17:00-01:00;,Mon;Tue;Wed;Thu;Fri;
48,132108,17:00-01:00;,Sat;
49,132109,17:00-21:00;,Sat;
50,132109,17:00-21:00;,Sun;
51,132109,17:00-21:00;,Sun;
52,132109,17:00-21:00;,Mon;Tue;Wed;Thu;Fri;
53,132109,17:00-21:00;,Mon;Tue;Wed;Thu;Fri;
54,132109,17:00-21:00;,Sat;
55,132111,13:30-12:00;00:00-23:30;13:30-02:00;01:30-23:00;,Sat;
56,132111,13:30-12:00;00:00-23:30;13:30-02:00;01:30-23:00;,Sun;
57,132111,13:30-12:00;00:00-23:30;13:30-02:00;01:30-23:00;,Mon;Tue;Wed;Thu;Fri;
58,132111,13:30-12:00;00:00-23:30;13:30-02:00;01:30-23:00;,Mon;Tue;Wed;Thu;Fri;
59,132111,13:30-12:00;00:00-23:30;13:30-02:00;01:30-23:00;,Sat;
60,132111,13:30-12:00;00:00-23:30;13:30-02:00;01:30-23:00;,Sun;
61,132115,13:30-22:30;22:00;,Sun;
62,132115,13:30-22:30;22:00;,Sun;
63,132115,13:30-22:30;22:00;,Mon;Tue;Wed;Thu;Fri;
64,132115,13:30-22:30;22:00;,Mon;Tue;Wed;Thu;Fri;
65,132115,13:30-22:30;22:00;,Sat;
66,132115,13:30-22:30;22:00;,Sat;
67,132116,13:30-13:00;15:00-22:00;,Sat;
68,132116,13:30-13:00;15:00-22:00;,Sun;
69,132116,13:30-13:00;15:00-22:00;,Sun;
70,132116,13:30-13:00;15:00-22:00;,Mon;Tue;Wed;Thu;Fri;
71,132116,13:30-13:00;15:00-22:00;,Mon;Tue;Wed;Thu;Fri;
72,132116,13:30-13:00;15:00-22:00;,Sat;
73,132118,00:00-23:30;,Sun;
74,132118,00:00-23:30;,Mon;Tue;Wed;Thu;Fri;
75,132118,00:00-23:30;,Mon;Tue;Wed;Thu;Fri;
76,132118,00:00-23:30;,Sat;
77,132118,00:00-23:30;,Sat;
78,132118,00:00-23:30;,Sun;
79,132120,10:00-22:00;10:00-23:00;10:00-20:00;11:00-21:00;,Sun;
80,132120,10:00-22:00;10:00-23:00;10:00-20:00;11:00-21:00;,Sun;
81,132120,10:00-22:00;10:00-23:00;10:00-20:00;11:00-21:00;,Mon;Tue;Wed;Thu;Fri;
82,132120,10:00-22:00;10:00-23:00;10:00-20:00;11:00-21:00;,Mon;Tue;Wed;Thu;Fri;
83,132120,10:00-22:00;10:00-23:00;10:00-20:00;11:00-21:00;,Sat;
84,132120,10:00-22:00;10:00-23:00;10:00-20:00;11:00-21:00;,Sat;
85,132130,17:00-22:00;,Sat;
86,132130,17:00-22:00;,Mon;Tue;Wed;Thu;Fri;
87,132130,17:00-22:00;,Sat;
88,132130,17:00-22:00;,Sun;
89,132130,17:00-22:00;,Sun;
90,132130,17:00-22:00;,Mon;Tue;Wed;Thu;Fri;
91,132148,11:00-12:00;,Sun;
92,132148,11:00-12:00;,Sun;
93,132148,11:00-12:00;,Mon;Tue;Wed;Thu;Fri;
94,132148,11:00-12:00;,Mon;Tue;Wed;Thu;Fri;
95,132148,11:00-12:00;,Sat;
96,132148,11:00-12:00;,Sat;
97,132148,11:00-23:00;,Mon;Tue;Wed;Thu;Fri;
98,132148,11:00-23:00;,Mon;Tue;Wed;Thu;Fri;
99,132148,11:00-23:00;,Sat;
100,132148,11:00-23:00;,Sat;
101,132155,18:00-22:00;,Mon;Tue;Wed;Thu;Fri;
102,132155,18:00-22:00;,Sat;
103,132155,18:00-22:00;,Sat;
104,132155,18:00-22:00;,Sun;
105,132155,18:00-22:00;,Sun;
106,132155,18:00-22:00;,Mon;Tue;Wed;Thu;Fri;
107,132157,21:30-13:00;,Mon;Tue;Wed;Thu;Fri;
108,132157,21:30-13:00;,Sat;
109,132157,21:30-13:00;,Sun;
110,132157,21:30-13:00;,Sun;
111,132157,21:30-13:00;,Mon;Tue;Wed;Thu;Fri;
112,132157,21:30-13:00;,Sat;
113,132159,12:00-21:00;,Sun;
114,132159,12:00-21:00;,Sun;
115,132159,12:00-21:00;,Mon;Tue;Wed;Thu;Fri;
116,132159,12:00-21:00;,Mon;Tue;Wed;Thu;Fri;
117,132159,12:00-21:00;,Sat;
118,132159,12:00-21:00;,Sat;
119,132160,10:00-21:00;,Sun;
120,132160,10:00-21:00;,Sun;
121,132160,10:00-21:00;,Mon;Tue;Wed;Thu;Fri;
122,132160,10:00-21:00;,Mon;Tue;Wed;Thu;Fri;
123,132160,10:00-21:00;,Sat;
124,132160,10:00-21:00;,Sat;
125,132161,20:30-21:00;,Sun;
126,132161,20:30-21:00;,Sun;
127,132161,20:30-21:00;,Mon;Tue;Wed;Thu;Fri;
128,132161,20:30-21:00;,Mon;Tue;Wed;Thu;Fri;
129,132161,20:30-21:00;,Sat;
130,132161,20:30-21:00;,Sat;
131,132163,16:00-21:00;,Sat;
132,132163,16:00-21:00;,Sun;
133,132163,16:00-21:00;,Sun;
134,132163,16:00-21:00;,Mon;Tue;Wed;Thu;Fri;
135,132163,16:00-21:00;,Mon;Tue;Wed;Thu;Fri;
136,132163,16:00-21:00;,Sat;
137,132164,17:00-21:00;,Sat;
138,132164,17:00-21:00;,Sun;
139,132164,17:00-21:00;,Sun;
140,132164,17:00-21:00;,Mon;Tue;Wed;Thu;Fri;
141,132164,17:00-21:00;,Mon;Tue;Wed;Thu;Fri;
142,132164,17:00-21:00;,Sat;
143,132165,21:30-22:00;,Mon;Tue;Wed;Thu;Fri;
144,132165,21:30-22:00;,Mon;Tue;Wed;Thu;Fri;
145,132165,21:30-22:00;,Sat;
146,132165,21:30-22:00;,Sat;
147,132165,21:30-22:00;,Sun;
148,132165,21:30-22:00;,Sun;
149,132186,10:00-14:00;,Sat;
150,132186,10:00-14:00;,Sun;
151,132186,10:00-14:00;,Sun;
152,132186,10:00-14:00;,Sat;
153,132187,10:00-00:00;;17:00-23:30;,Sat;
154,132187,10:00-00:00;;17:00-23:30;,Sun;
155,132187,10:00-00:00;;17:00-23:30;,Mon;Tue;Wed;Thu;Fri;
156,132187,10:00-00:00;;17:00-23:30;,Mon;Tue;Wed;Thu;Fri;
157,132187,10:00-00:00;;17:00-23:30;,Sun;
158,132187,10:00-00:00;;17:00-23:30;,Sat;
159,132204,08:00-21:00;,Sat;
160,132204,08:00-21:00;,Sun;
161,132204,08:00-21:00;,Sun;
162,132204,08:00-21:00;,Mon;Tue;Wed;Thu;Fri;
163,132204,08:00-21:00;,Mon;Tue;Wed;Thu;Fri;
164,132204,08:00-21:00;,Sat;
165,132206,16:30-22:30;,Sun;
166,132206,16:30-22:30;,Sun;
167,132206,16:30-22:30;,Mon;Tue;Wed;Thu;Fri;
168,132206,16:30-22:30;,Mon;Tue;Wed;Thu;Fri;
169,132206,16:30-22:30;,Sat;
170,132206,16:30-22:30;,Sat;
171,132207,12:30-16:30;16:00-22:00;,Sat;
172,132207,12:30-16:30;16:00-22:00;,Sun;
173,132207,12:30-16:30;16:00-22:00;,Sun;
174,132207,12:30-16:30;16:00-22:00;,Mon;Tue;Wed;Thu;Fri;
175,132207,12:30-16:30;16:00-22:00;,Mon;Tue;Wed;Thu;Fri;
176,132207,12:30-16:30;16:00-22:00;,Sat;
177,132216,11:00-00:00;,Sat;
178,132216,11:00-00:00;,Sat;
179,132216,11:00-00:00;,Sun;
180,132216,11:00-00:00;,Sun;
181,132216,11:00-00:00;,Mon;Tue;Wed;Thu;Fri;
182,132216,11:00-00:00;,Mon;Tue;Wed;Thu;Fri;
183,132220,21:30-23:00;,Mon;Tue;Wed;Thu;Fri;
184,132220,21:30-23:00;,Mon;Tue;Wed;Thu;Fri;
185,132220,21:30-23:00;,Sat;
186,132220,21:30-23:00;,Sat;
187,132221,10:30-14:30;05:30-22:00;05:30-23:00;10:30-14:30;,Mon;Tue;Wed;Thu;Fri;
188,132221,10:30-14:30;05:30-22:00;05:30-23:00;10:30-14:30;,Mon;Tue;Wed;Thu;Fri;
189,132221,10:30-14:30;05:30-22:00;05:30-23:00;10:30-14:30;,Sat;
190,132221,10:30-14:30;05:30-22:00;05:30-23:00;10:30-14:30;,Sat;
191,132226,11:00-21:00;,Sun;
192,132226,11:00-21:00;,Sat;
193,132226,11:00-21:00;,Sun;
194,132226,11:00-21:00;,Mon;Tue;Wed;Thu;Fri;
195,132226,11:00-21:00;,Mon;Tue;Wed;Thu;Fri;
196,132226,11:00-21:00;,Sat;
197,132229,00:00-23:30;,Sun;
198,132229,00:00-23:30;,Mon;Tue;Wed;Thu;Fri;
199,132229,00:00-23:30;,Mon;Tue;Wed;Thu;Fri;
200,132229,00:00-23:30;,Sat;
201,132229,00:00-23:30;,Sat;
202,132229,00:00-23:30;,Sun;
203,132231,17:00-22:00;,Mon;Tue;Wed;Thu;Fri;
204,132231,17:00-22:00;,Sat;
205,132231,17:00-22:00;,Sat;
206,132231,17:00-22:00;,Sun;
207,132231,17:00-22:00;,Sun;
208,132231,17:00-22:00;,Mon;Tue;Wed;Thu;Fri;
209,132237,11:00-14:00;17:00-21:00;17:00-23:30;17:00-21:00;,Sun;
210,132237,11:00-14:00;17:00-21:00;17:00-23:30;17:00-21:00;,Sun;
211,132237,11:00-14:00;17:00-21:00;17:00-23:30;17:00-21:00;,Sat;
212,132237,11:00-14:00;17:00-21:00;17:00-23:30;17:00-21:00;,Sat;
213,132237,11:00-14:00;17:00-21:00;17:00-23:30;17:00-21:00;,Mon;Tue;Wed;Thu;Fri;
214,132237,11:00-14:00;17:00-21:00;17:00-23:30;17:00-21:00;,Mon;Tue;Wed;Thu;Fri;
215,132243,13:30-15:00;05:30-22:00;,Mon;Tue;Wed;Thu;Fri;
216,132243,13:30-15:00;05:30-22:00;,Sat;
217,132243,13:30-15:00;05:30-22:00;,Mon;Tue;Wed;Thu;Fri;
218,132243,13:30-15:00;05:30-22:00;,Sat;
219,132244,12:00-15:00;18:00-22:00;,Mon;Tue;Wed;Thu;Fri;
220,132244,12:00-15:00;18:00-22:00;,Mon;Tue;Wed;Thu;Fri;
221,132244,12:00-15:00;18:00-22:00;,Sat;
222,132244,12:00-15:00;18:00-22:00;,Sat;
223,132250,00:00-23:30;,Sat;
224,132250,00:00-23:30;,Sun;
225,132250,00:00-23:30;,Sun;
226,132250,00:00-23:30;,Mon;Tue;Wed;Thu;Fri;
227,132250,00:00-23:30;,Mon;Tue;Wed;Thu;Fri;
228,132250,00:00-23:30;,Sat;
229,132255,16:00-22:00;12:00-22:00;,Sun;
230,132255,16:00-22:00;12:00-22:00;,Sun;
231,132255,16:00-22:00;12:00-22:00;,Mon;Tue;Wed;Thu;Fri;
232,132255,16:00-22:00;12:00-22:00;,Mon;Tue;Wed;Thu;Fri;
233,132255,16:00-22:00;12:00-22:00;,Sat;
234,132255,16:00-22:00;12:00-22:00;,Sat;
235,132258,10:00-20:30;10:00-14:00;,Mon;Tue;Wed;Thu;Fri;
236,132258,10:00-20:30;10:00-14:00;,Sat;
237,132258,10:00-20:30;10:00-14:00;,Mon;Tue;Wed;Thu;Fri;
238,132258,10:00-20:30;10:00-14:00;,Sat;
239,132265,11:00-22:00;,Sun;
240,132265,11:00-22:00;,Sun;
241,132265,11:00-22:00;,Mon;Tue;Wed;Thu;Fri;
242,132265,11:00-22:00;,Mon;Tue;Wed;Thu;Fri;
243,132265,11:00-22:00;,Sat;
244,132265,11:00-22:00;,Sat;
245,132266,10:00-20:00;,Sat;
246,132266,10:00-20:00;,Sun;
247,132266,10:00-20:00;,Sun;
248,132266,10:00-20:00;,Mon;Tue;Wed;Thu;Fri;
249,132266,10:00-20:00;,Mon;Tue;Wed;Thu;Fri;
250,132266,10:00-20:00;,Sat;
251,132273,17:00-22:00;,Sun;
252,132273,17:00-22:00;,Sun;
253,132273,17:00-22:00;,Mon;Tue;Wed;Thu;Fri;
254,132273,17:00-22:00;,Mon;Tue;Wed;Thu;Fri;
255,132273,17:00-22:00;,Sat;
256,132273,17:00-22:00;,Sat;
257,132275,11:00-14:30;05:30-23:00;13:30-14:30;,Mon;Tue;Wed;Thu;Fri;
258,132275,11:00-14:30;05:30-23:00;13:30-14:30;,Mon;Tue;Wed;Thu;Fri;
259,132275,05:30-12:00;13:30-12:00;10:30-22:00;,Sun;
260,132275,05:30-12:00;13:30-12:00;10:30-22:00;,Sun;
261,132275,05:30-12:00;13:30-12:00;10:30-22:00;,Mon;Tue;Wed;Thu;Fri;
262,132275,05:30-12:00;13:30-12:00;10:30-22:00;,Mon;Tue;Wed;Thu;Fri;
263,132275,05:30-12:00;13:30-12:00;10:30-22:00;,Sat;
264,132275,05:30-12:00;13:30-12:00;10:30-22:00;,Sat;
265,132284,12:00-00:00;,Sat;
266,132284,12:00-00:00;,Sat;
267,132284,12:00-00:00;,Sun;
268,132284,12:00-00:00;,Sun;
269,132284,12:00-00:00;,Mon;Tue;Wed;Thu;Fri;
270,132284,12:00-00:00;,Mon;Tue;Wed;Thu;Fri;
271,132297,08:00-22:00;,Sun;
272,132297,08:00-22:00;,Sun;
273,132297,08:00-22:00;,Mon;Tue;Wed;Thu;Fri;
274,132297,08:00-22:00;,Mon;Tue;Wed;Thu;Fri;
275,132297,08:00-22:00;,Sat;
276,132297,08:00-22:00;,Sat;
277,132301,08:00-22:00;,Sat;
278,132301,08:00-22:00;,Sun;
279,132301,08:00-22:00;,Sun;
280,132301,08:00-22:00;,Mon;Tue;Wed;Thu;Fri;
281,132301,08:00-22:00;,Mon;Tue;Wed;Thu;Fri;
282,132301,08:00-22:00;,Sat;
283,132302,11:00-21:00;,Sun;
284,132302,11:00-21:00;,Sun;
285,132302,11:00-21:00;,Mon;Tue;Wed;Thu;Fri;
286,132302,11:00-21:00;,Mon;Tue;Wed;Thu;Fri;
287,132302,11:00-21:00;,Sat;
288,132302,11:00-21:00;,Sat;
289,132310,11:00-22:00;,Sun;
290,132310,11:00-22:00;,Sat;
291,132310,11:00-22:00;,Sun;
292,132310,11:00-22:00;,Mon;Tue;Wed;Thu;Fri;
293,132310,11:00-22:00;,Mon;Tue;Wed;Thu;Fri;
294,132310,11:00-22:00;,Sat;
295,132317,17:00-22:00;,Sun;
296,132317,17:00-22:00;,Mon;Tue;Wed;Thu;Fri;
297,132317,17:00-22:00;,Mon;Tue;Wed;Thu;Fri;
298,132317,17:00-22:00;,Sat;
299,132317,17:00-22:00;,Sat;
300,132317,17:00-22:00;,Sun;
301,132318,17:00-22:00;,Sun;
302,132318,17:00-22:00;,Mon;Tue;Wed;Thu;Fri;
303,132318,17:00-22:00;,Sat;
304,132318,17:00-22:00;,Sun;
305,132318,17:00-22:00;,Mon;Tue;Wed;Thu;Fri;
306,132318,17:00-22:00;,Sat;
307,132319,18:00-22:30;,Sat;
308,132319,18:00-22:30;,Sun;
309,132319,18:00-22:30;,Sun;
310,132319,18:00-22:30;,Mon;Tue;Wed;Thu;Fri;
311,132319,18:00-22:30;,Mon;Tue;Wed;Thu;Fri;
312,132319,18:00-22:30;,Sat;
313,132353,17:00-23:00;,Sun;
314,132353,17:00-23:00;,Sun;
315,132353,17:00-23:00;,Mon;Tue;Wed;Thu;Fri;
316,132353,17:00-23:00;,Mon;Tue;Wed;Thu;Fri;
317,132353,17:00-23:00;,Sat;
318,132353,17:00-23:00;,Sat;
319,132355,17:00-22:00;12:00;,Sun;
320,132355,17:00-22:00;12:00;,Sun;
321,132355,17:00-22:00;12:00;,Mon;Tue;Wed;Thu;Fri;
322,132355,17:00-22:00;12:00;,Mon;Tue;Wed;Thu;Fri;
323,132355,17:00-22:00;12:00;,Sat;
324,132355,17:00-22:00;12:00;,Sat;
325,132361,17:00-22:00;,Mon;Tue;Wed;Thu;Fri;
326,132361,17:00-22:00;,Sat;
327,132361,17:00-22:00;,Mon;Tue;Wed;Thu;Fri;
328,132361,17:00-22:00;,Sat;
329,132361,17:00-22:00;,Sun;
330,132361,17:00-22:00;,Sun;
331,132364,17:00-23:30;,Sat;
332,132364,17:00-23:30;,Sun;
333,132364,17:00-23:30;,Sun;
334,132364,17:00-23:30;,Mon;Tue;Wed;Thu;Fri;
335,132364,17:00-23:30;,Mon;Tue;Wed;Thu;Fri;
336,132364,17:00-23:30;,Sat;
337,132372,08:00-23:00;12:00;,Sun;
338,132372,08:00-23:00;12:00;,Sun;
339,132372,08:00-23:00;12:00;,Mon;Tue;Wed;Thu;Fri;
340,132372,08:00-23:00;12:00;,Mon;Tue;Wed;Thu;Fri;
341,132372,08:00-23:00;12:00;,Sat;
342,132372,08:00-23:00;12:00;,Sat;
343,132395,10:00-18:00;,Sat;
344,132395,10:00-18:00;,Sun;
345,132395,10:00-18:00;,Sun;
346,132395,10:00-18:00;,Sat;
347,132396,18:00-11:00;,Sat;
348,132396,18:00-11:00;,Sun;
349,132396,18:00-11:00;,Sun;
350,132396,18:00-11:00;,Mon;Tue;Wed;Thu;Fri;
351,132396,18:00-11:00;,Mon;Tue;Wed;Thu;Fri;
352,132396,18:00-11:00;,Sat;
353,132399,12:00-22:00;,Sat;
354,132399,12:00-22:00;,Sun;
355,132399,12:00-22:00;,Sun;
356,132399,12:00-22:00;,Mon;Tue;Wed;Thu;Fri;
357,132399,12:00-22:00;,Mon;Tue;Wed;Thu;Fri;
358,132399,12:00-22:00;,Sat;
359,132407,17:00-22:00;,Sun;
360,132407,17:00-22:00;,Sun;
361,132407,17:00-22:00;,Mon;Tue;Wed;Thu;Fri;
362,132407,17:00-22:00;,Mon;Tue;Wed;Thu;Fri;
363,132407,17:00-22:00;,Sat;
364,132407,17:00-22:00;,Sat;
365,132409,12:00-14:00;,Mon;Tue;Wed;Thu;Fri;
366,132409,12:00-14:00;,Mon;Tue;Wed;Thu;Fri;
367,132421,17:00-00:00;,Sat;
368,132421,17:00-00:00;,Sat;
369,132421,17:00-00:00;,Sun;
370,132421,17:00-00:00;,Sun;
371,132421,17:00-00:00;,Mon;Tue;Wed;Thu;Fri;
372,132421,17:00-00:00;,Mon;Tue;Wed;Thu;Fri;
373,132436,07:00-00:00;,Sat;
374,132436,07:00-00:00;,Sat;
375,132436,07:00-00:00;,Sun;
376,132436,07:00-00:00;,Sun;
377,132436,07:00-00:00;,Mon;Tue;Wed;Thu;Fri;
378,132436,07:00-00:00;,Mon;Tue;Wed;Thu;Fri;
379,132437,17:00-23:00;,Mon;Tue;Wed;Thu;Fri;
380,132437,17:00-23:00;,Sat;
381,132437,17:00-23:00;,Sat;
382,132437,17:00-23:00;,Sun;
383,132437,17:00-23:00;,Sun;
384,132437,17:00-23:00;,Mon;Tue;Wed;Thu;Fri;
385,132438,18:00-22:30;,Sun;
386,132438,18:00-22:30;,Sun;
387,132438,18:00-22:30;,Mon;Tue;Wed;Thu;Fri;
388,132438,18:00-22:30;,Mon;Tue;Wed;Thu;Fri;
389,132438,18:00-22:30;,Sat;
390,132438,18:00-22:30;,Sat;
391,132439,11:00-22:00;,Sat;
392,132439,11:00-22:00;,Sun;
393,132439,11:00-22:00;,Mon;Tue;Wed;Thu;Fri;
394,132439,11:00-22:00;,Mon;Tue;Wed;Thu;Fri;
395,132439,11:00-22:00;,Sat;
396,132439,11:00-22:00;,Sun;
397,132443,12:00-14:00;10:00-22:00;,Sat;
398,132443,12:00-14:00;10:00-22:00;,Sat;
399,132443,12:00-14:00;10:00-22:00;,Sun;
400,132443,12:00-14:00;10:00-22:00;,Sun;
401,132443,12:00-14:00;10:00-22:00;,Mon;Tue;Wed;Thu;Fri;
402,132443,12:00-14:00;10:00-22:00;,Mon;Tue;Wed;Thu;Fri;
403,132446,19:00-22:30;,Mon;Tue;Wed;Thu;Fri;
404,132446,19:00-22:30;,Mon;Tue;Wed;Thu;Fri;
405,132446,19:00-22:30;,Sat;
406,132446,19:00-22:30;,Sat;
407,132447,17:00-22:00;,Sun;
408,132447,17:00-22:00;,Mon;Tue;Wed;Thu;Fri;
409,132447,17:00-22:00;,Sat;
410,132447,17:00-22:00;,Sat;
411,132447,17:00-22:00;,Sun;
412,132447,17:00-22:00;,Mon;Tue;Wed;Thu;Fri;
413,132449,17:00-21:00;,Sat;
414,132449,17:00-21:00;,Sun;
415,132449,17:00-21:00;,Sun;
416,132449,17:00-21:00;,Mon;Tue;Wed;Thu;Fri;
417,132449,17:00-21:00;,Mon;Tue;Wed;Thu;Fri;
418,132449,17:00-21:00;,Sat;
419,132468,11:00-01:00;,Sat;
420,132468,11:00-01:00;,Sun;
421,132468,11:00-01:00;,Sun;
422,132468,11:00-01:00;,Mon;Tue;Wed;Thu;Fri;
423,132468,11:00-01:00;,Mon;Tue;Wed;Thu;Fri;
424,132468,11:00-01:00;,Sat;
425,132469,11:00-00:00;,Sat;
426,132469,11:00-00:00;,Sat;
427,132469,11:00-00:00;,Sun;
428,132469,11:00-00:00;,Sun;
429,132469,11:00-00:00;,Mon;Tue;Wed;Thu;Fri;
430,132469,11:00-00:00;,Mon;Tue;Wed;Thu;Fri;
431,132474,06:00-23:00;,Sun;
432,132474,06:00-23:00;,Sun;
433,132474,06:00-23:00;,Mon;Tue;Wed;Thu;Fri;
434,132474,06:00-23:00;,Sat;
435,132474,06:00-23:00;,Mon;Tue;Wed;Thu;Fri;
436,132474,06:00-23:00;,Sat;
437,132477,13:30-15:00;21:30-23:30;,Sat;
438,132477,13:30-15:00;21:30-23:30;,Sun;
439,132477,13:30-15:00;21:30-23:30;,Sun;
440,132477,13:30-15:00;21:30-23:30;,Mon;Tue;Wed;Thu;Fri;
441,132477,13:30-15:00;21:30-23:30;,Mon;Tue;Wed;Thu;Fri;
442,132477,13:30-15:00;21:30-23:30;,Sat;
443,132478,17:00-00:00;,Mon;Tue;Wed;Thu;Fri;
444,132478,17:00-00:00;,Mon;Tue;Wed;Thu;Fri;
445,132478,17:00-00:00;,Sat;
446,132478,17:00-00:00;,Sat;
447,132479,13:30-22:00;,Mon;Tue;Wed;Thu;Fri;
448,132479,13:30-22:00;,Sat;
449,132479,13:30-22:00;,Sun;
450,132479,13:30-22:00;,Sun;
451,132479,13:30-22:00;,Mon;Tue;Wed;Thu;Fri;
452,132479,13:30-22:00;,Sat;
453,132481,21:30-01:00;,Sun;
454,132481,21:30-01:00;,Sun;
455,132481,21:30-01:00;,Mon;Tue;Wed;Thu;Fri;
456,132481,21:30-01:00;,Mon;Tue;Wed;Thu;Fri;
457,132481,21:30-01:00;,Sat;
458,132481,21:30-01:00;,Sat;
459,132482,00:00-23:30;,Mon;Tue;Wed;Thu;Fri;
460,132482,00:00-23:30;,Mon;Tue;Wed;Thu;Fri;
461,132482,00:00-23:30;,Sat;
462,132482,00:00-23:30;,Sat;
463,132482,00:00-23:30;,Sun;
464,132482,00:00-23:30;,Sun;
465,132483,13:30-22:00;,Sat;
466,132483,13:30-22:00;,Sun;
467,132483,13:30-22:00;,Sun;
468,132483,13:30-22:00;,Mon;Tue;Wed;Thu;Fri;
469,132483,13:30-22:00;,Mon;Tue;Wed;Thu;Fri;
470,132483,13:30-22:00;,Sat;
471,132491,21:30-19:00;,Mon;Tue;Wed;Thu;Fri;
472,132491,21:30-19:00;,Mon;Tue;Wed;Thu;Fri;
473,132491,07:00-21:00;,Mon;Tue;Wed;Thu;Fri;
474,132491,07:00-21:00;,Sat;
475,132491,07:00-21:00;,Mon;Tue;Wed;Thu;Fri;
476,132491,07:00-21:00;,Sat;
477,132498,08:00-23:30;,Sat;
478,132498,08:00-23:30;,Sun;
479,132498,08:00-23:30;,Sun;
480,132498,07:00-23:30;,Mon;Tue;Wed;Thu;Fri;
481,132498,08:00-23:30;,Mon;Tue;Wed;Thu;Fri;
482,132498,07:00-23:30;,Mon;Tue;Wed;Thu;Fri;
483,132498,08:00-23:30;,Mon;Tue;Wed;Thu;Fri;
484,132498,07:00-23:30;,Sat;
485,132498,07:00-23:30;,Sat;
486,132498,08:00-23:30;,Sat;
487,132498,07:00-00:30;,Sun;
488,132498,07:00-00:30;,Sun;
489,132518,12:00-22:30;,Mon;Tue;Wed;Thu;Fri;
490,132518,12:00-22:30;,Mon;Tue;Wed;Thu;Fri;
491,132521,12:00-21:00;,Sun;
492,132521,12:00-21:00;,Sun;
493,132521,12:00-21:00;,Mon;Tue;Wed;Thu;Fri;
494,132521,12:00-21:00;,Mon;Tue;Wed;Thu;Fri;
495,132521,12:00-21:00;,Sat;
496,132521,12:00-21:00;,Sat;
497,132527,21:30-21:00;,Sun;
498,132527,21:30-21:00;,Sun;
499,132527,21:30-21:00;,Mon;Tue;Wed;Thu;Fri;
500,132527,21:30-21:00;,Mon;Tue;Wed;Thu;Fri;
501,132527,21:30-21:00;,Sat;
502,132527,21:30-21:00;,Sat;
503,132530,16:30-23:00;,Sun;
504,132530,16:30-23:00;,Sun;
505,132530,16:30-23:00;,Mon;Tue;Wed;Thu;Fri;
506,132530,16:30-23:00;,Mon;Tue;Wed;Thu;Fri;
507,132530,16:30-23:00;,Sat;
508,132530,16:30-23:00;,Sat;
509,132531,11:00-21:00;,Sat;
510,132531,11:00-21:00;,Sun;
511,132531,11:00-21:00;,Sun;
512,132531,11:00-21:00;,Mon;Tue;Wed;Thu;Fri;
513,132531,11:00-21:00;,Mon;Tue;Wed;Thu;Fri;
514,132531,11:00-21:00;,Sat;
515,132532,12:00-17:00;,Sat;
516,132532,12:00-17:00;,Mon;Tue;Wed;Thu;Fri;
517,132532,12:00-17:00;,Mon;Tue;Wed;Thu;Fri;
518,132532,12:00-17:00;,Sat;
519,132535,12:00-17:00;16:00-22:00;,Mon;Tue;Wed;Thu;Fri;
520,132535,12:00-17:00;16:00-22:00;,Mon;Tue;Wed;Thu;Fri;
521,132535,12:00-17:00;16:00-22:00;,Sat;
522,132535,12:00-17:00;16:00-22:00;,Sat;
523,132536,17:00-22:00;,Mon;Tue;Wed;Thu;Fri;
524,132536,17:00-22:00;,Mon;Tue;Wed;Thu;Fri;
525,132544,17:00-22:00;,Sat;
526,132544,17:00-22:00;,Sun;
527,132544,17:00-22:00;,Sun;
528,132544,17:00-22:00;,Mon;Tue;Wed;Thu;Fri;
529,132544,17:00-22:00;,Mon;Tue;Wed;Thu;Fri;
530,132544,17:00-22:00;,Sat;
531,132545,07:00-22:00;,Sat;
532,132545,07:00-22:00;,Sun;
533,132545,07:00-22:00;,Sun;
534,132545,07:00-22:00;,Mon;Tue;Wed;Thu;Fri;
535,132545,07:00-22:00;,Sat;
536,132545,07:00-22:00;,Mon;Tue;Wed;Thu;Fri;
537,132557,16:30-22:00;11:00-22:00;11:00-23:00;04:30-23:00;,Mon;Tue;Wed;Thu;Fri;
538,132557,16:30-22:00;11:00-22:00;11:00-23:00;04:30-23:00;,Sun;
539,132557,16:30-22:00;11:00-22:00;11:00-23:00;04:30-23:00;,Mon;Tue;Wed;Thu;Fri;
540,132557,16:30-22:00;11:00-22:00;11:00-23:00;04:30-23:00;,Sat;
541,132557,16:30-22:00;11:00-22:00;11:00-23:00;04:30-23:00;,Sat;
542,132557,16:30-22:00;11:00-22:00;11:00-23:00;04:30-23:00;,Sun;
543,132560,08:00-12:00;,Mon;Tue;Wed;Thu;Fri;
544,132560,00:00-00:00;,Sat;
545,132560,00:00-00:00;,Sun;
546,132561,00:00-23:30;,Mon;Tue;Wed;Thu;Fri;
547,132561,00:00-23:30;,Sat;
548,132561,00:00-23:30;,Sun;
549,132562,00:00-23:30;,Mon;Tue;Wed;Thu;Fri;
550,132562,00:00-23:30;,Sat;
551,132562,00:00-23:30;,Sun;
552,132563,00:00-23:30;,Mon;Tue;Wed;Thu;Fri;
553,132563,00:00-23:30;,Sat;
554,132563,00:00-23:30;,Sun;
555,132564,00:00-23:30;,Mon;Tue;Wed;Thu;Fri;
556,132564,00:00-23:30;,Sat;
557,132564,00:00-23:30;,Sun;
558,132565,00:00-23:30;,Mon;Tue;Wed;Thu;Fri;
559,132565,00:00-23:30;,Sat;
560,132565,00:00-23:30;,Sun;
561,132566,00:00-23:30;,Mon;Tue;Wed;Thu;Fri;
562,132566,00:00-23:30;,Sat;
563,132566,00:00-23:30;,Sun;
564,132567,00:00-23:30;,Mon;Tue;Wed;Thu;Fri;
565,132567,00:00-23:30;,Sat;
566,132567,00:00-23:30;,Sun;
567,132568,00:00-23:30;,Mon;Tue;Wed;Thu;Fri;
568,132568,00:00-23:30;,Sat;
569,132568,00:00-23:30;,Sun;
570,132569,00:00-23:30;,Mon;Tue;Wed;Thu;Fri;
571,132569,00:00-23:30;,Sat;
572,132569,00:00-23:30;,Sun;
573,132570,00:00-23:30;,Mon;Tue;Wed;Thu;Fri;
574,132570,00:00-23:30;,Sat;
575,132570,00:00-23:30;,Sun;
576,132571,00:00-23:30;,Mon;Tue;Wed;Thu;Fri;
577,132571,00:00-23:30;,Sat;
578,132571,00:00-23:30;,Sun;
579,132572,00:00-23:30;,Mon;Tue;Wed;Thu;Fri;
580,132572,00:00-23:30;,Sat;
581,132572,00:00-23:30;,Sun;
582,132573,07:00-23:30;,Mon;Tue;Wed;Thu;Fri;
583,132573,07:00-23:30;,Sat;
584,132573,07:00-23:30;,Sun;
585,132574,10:00-18:00;,Mon;Tue;Wed;Thu;Fri;
586,132574,11:00-16:00;,Sat;
587,132574,11:00-16:00;,Sun;
588,132575,00:00-23:30;,Mon;Tue;Wed;Thu;Fri;
589,132575,00:00-23:30;,Sat;
590,132575,00:00-23:30;,Sun;
591,132576,10:00-22:00;,Mon;Tue;Wed;Thu;Fri;
592,132576,11:00-22:00;,Sat;
593,132576,11:00-22:00;,Sun;
594,132577,10:00-22:00;,Mon;Tue;Wed;Thu;Fri;
595,132577,11:00-22:00;,Sat;
596,132577,11:00-22:00;,Sun;
597,132578,18:00-23:30;,Mon;Tue;Wed;Thu;Fri;
598,132578,18:00-23:30;,Sat;
599,132578,18:00-23:30;,Sun;
600,132579,13:00-18:00;,Mon;Tue;Wed;Thu;Fri;
601,132579,13:00-18:00;,Sat;
602,132579,13:00-18:00;,Sun;
603,132580,00:00-23:30;,Mon;Tue;Wed;Thu;Fri;
604,132580,00:00-23:30;,Sat;
605,132580,00:00-23:30;,Sun;
606,132581,00:00-23:30;,Mon;Tue;Wed;Thu;Fri;
607,132581,00:00-23:30;,Sat;
608,132581,00:00-23:30;,Sun;
609,132582,08:00-21:00;,Mon;Tue;Wed;Thu;Fri;
610,132582,10:00-18:00;,Sat;
611,132582,10:00-18:00;,Sun;
612,132584,08:30-20:00;,Mon;Tue;Wed;Thu;Fri;
613,132584,09:00-22:00;,Sat;
614,132584,09:00-20:30;,Sun;
615,132585,09:00-23:30;,Mon;Tue;Wed;Thu;Fri;
616,132585,09:00-23:30;,Sat;
617,132585,09:30-23:30;,Sun;
618,132586,09:00-23:30;,Mon;Tue;Wed;Thu;Fri;
619,132586,09:00-23:30;,Sat;
620,132586,09:00-23:30;,Sun;
621,132587,07:30-23:30;,Mon;Tue;Wed;Thu;Fri;
622,132587,08:30-23:30;,Sat;
623,132587,07:30-23:30;,Sun;
624,132588,09:00-23:30;,Mon;Tue;Wed;Thu;Fri;
625,132588,09:00-23:30;,Sat;
626,132588,09:00-23:30;,Sun;
627,132589,09:30-23:30;,Mon;Tue;Wed;Thu;Fri;
628,132589,09:00-23:30;,Sat;
629,132589,09:00-23:30;,Sun;
630,132591,09:00-23:30;,Mon;Tue;Wed;Thu;Fri;
631,132591,09:00-23:30;,Sat;
632,132591,09:00-23:30;,Sun;
633,132592,09:30-23:30;,Mon;Tue;Wed;Thu;Fri;
634,132592,00:00-23:30;,Sat;
635,132592,00:00-23:30;,Sun;
636,132594,09:30-23:30;,Mon;Tue;Wed;Thu;Fri;
637,132594,09:00-23:30;,Sat;
638,132594,09:00-23:30;,Sun;
639,132595,09:30-23:30;,Mon;Tue;Wed;Thu;Fri;
640,132595,09:30-23:30;,Sat;
641,132595,09:30-23:30;,Sun;
642,132597,00:00-23:30;,Mon;Tue;Wed;Thu;Fri;
643,132597,00:00-23:30;,Sat;
644,132597,00:00-23:30;,Sun;
645,132598,00:00-23:30;,Mon;Tue;Wed;Thu;Fri;
646,132598,00:00-23:30;,Sat;
647,132598,00:00-23:30;,Sun;
648,132607,20:00-03:00;,Mon;Tue;Wed;Thu;Fri;
649,132607,20:00-02:00;,Sat;
650,132607,20:00-20:00;,Sun;
651,132608,19:00-02:00;,Mon;Tue;Wed;Thu;Fri;
652,132608,19:00-02:00;,Sat;
653,132608,19:00-02:00;,Sun;
654,132609,12:00-18:00;,Mon;Tue;Wed;Thu;Fri;
655,132609,10:00-18:00;,Sat;
656,132609,00:00-23:30;,Sun;
657,132610,08:00-16:00;,Mon;Tue;Wed;Thu;Fri;
658,132610,09:00-16:00;,Sat;
659,132610,00:00-23:30;,Sun;
660,132611,08:00-16:00;,Mon;Tue;Wed;Thu;Fri;
661,132611,09:00-16:00;,Sat;
662,132611,00:00-23:30;,Sun;
663,132612,09:00-20:00;,Mon;Tue;Wed;Thu;Fri;
664,132612,09:00-20:00;,Sat;
665,132612,10:00-20:00;,Sun;
666,132613,08:00-16:00;,Mon;Tue;Wed;Thu;Fri;
667,132613,07:00-16:00;,Sat;
668,132613,07:00-16:00;,Sun;
669,132614,03:00-23:30;,Mon;Tue;Wed;Thu;Fri;
670,132614,00:00-23:30;,Sat;
671,132614,00:00-23:30;,Sun;
672,132615,00:00-23:30;,Mon;Tue;Wed;Thu;Fri;
673,132615,00:00-23:30;,Sat;
674,132615,00:00-23:30;,Sun;
675,132616,06:00-23:30;,Mon;Tue;Wed;Thu;Fri;
676,132616,00:00-23:30;,Sat;
677,132616,00:00-23:30;,Sun;
678,132617,00:00-23:30;,Mon;Tue;Wed;Thu;Fri;
679,132617,00:00-23:30;,Sat;
680,132617,00:00-23:30;,Sun;
681,132618,04:30-23:30;,Mon;Tue;Wed;Thu;Fri;
682,132618,00:00-23:30;,Sat;
683,132618,00:00-23:30;,Sun;
684,132619,00:00-23:30;,Mon;Tue;Wed;Thu;Fri;
685,132619,00:00-23:30;,Sat;
686,132619,00:00-23:30;,Sun;
687,132620,06:30-23:30;,Mon;Tue;Wed;Thu;Fri;
688,132620,00:00-23:30;,Sat;
689,132620,00:00-23:30;,Sun;
690,132621,00:00-23:30;,Mon;Tue;Wed;Thu;Fri;
691,132621,00:00-23:30;,Sat;
692,132621,00:00-23:30;,Sun;
693,132622,04:30-23:30;,Mon;Tue;Wed;Thu;Fri;
694,132622,00:00-23:30;,Sat;
695,132622,00:00-23:30;,Sun;
696,132623,00:00-23:30;,Mon;Tue;Wed;Thu;Fri;
697,132623,00:00-23:30;,Sat;
698,132623,00:00-23:30;,Sun;
699,132624,00:00-23:30;,Mon;Tue;Wed;Thu;Fri;
700,132624,00:00-23:30;,Sat;
701,132624,00:00-23:30;,Sun;
702,132625,00:00-23:30;,Mon;Tue;Wed;Thu;Fri;
703,132625,00:00-23:30;,Sat;
704,132625,00:00-23:30;,Sun;
705,132626,00:00-23:30;,Mon;Tue;Wed;Thu;Fri;
706,132626,00:00-23:30;,Sat;
707,132626,00:00-23:30;,Sun;
708,132628,00:00-23:30;,Mon;Tue;Wed;Thu;Fri;
709,132628,00:00-23:30;,Sat;
710,132628,00:00-23:30;,Sun;
711,132629,00:00-23:30;,Mon;Tue;Wed;Thu;Fri;
712,132629,00:00-23:30;,Sat;
713,132629,00:00-23:30;,Sun;
714,132630,00:00-23:30;,Mon;Tue;Wed;Thu;Fri;
715,132630,00:00-23:30;,Sat;
716,132630,00:00-23:30;,Sun;
717,132631,00:00-23:30;,Mon;Tue;Wed;Thu;Fri;
718,132631,00:00-23:30;,Sat;
719,132631,00:00-23:30;,Sun;
720,132632,00:00-23:30;,Mon;Tue;Wed;Thu;Fri;
721,132632,00:00-23:30;,Sat;
722,132632,00:00-23:30;,Sun;
723,132633,00:00-23:30;,Mon;Tue;Wed;Thu;Fri;
724,132633,00:00-23:30;,Sat;
725,132633,00:00-23:30;,Sun;
726,132634,00:00-23:30;,Mon;Tue;Wed;Thu;Fri;
727,132634,00:00-23:30;,Sat;
728,132634,00:00-23:30;,Sun;
729,132635,00:00-23:30;,Mon;Tue;Wed;Thu;Fri;
730,132635,00:00-23:30;,Sat;
731,132635,00:00-23:30;,Sun;
732,132636,00:00-23:30;,Sat;
733,132636,00:00-23:30;,Mon;Tue;Wed;Thu;Fri;
734,132636,00:00-23:30;,Sun;
735,132637,00:00-23:30;,Mon;Tue;Wed;Thu;Fri;
736,132637,00:00-23:30;,Sat;
737,132637,00:00-23:30;,Sun;
738,132638,00:00-23:30;,Mon;Tue;Wed;Thu;Fri;
739,132638,00:00-23:30;,Sat;
740,132638,00:00-23:30;,Sun;
741,132639,00:00-23:30;,Mon;Tue;Wed;Thu;Fri;
742,132639,00:00-23:30;,Sat;
743,132639,00:00-23:30;,Sun;
744,132640,00:00-23:30;,Mon;Tue;Wed;Thu;Fri;
745,132640,00:00-23:30;,Sat;
746,132640,00:00-23:30;,Sun;
747,132641,00:00-23:30;,Mon;Tue;Wed;Thu;Fri;
748,132641,00:00-23:30;,Sat;
749,132641,00:00-23:30;,Sun;
750,132642,00:00-23:30;,Mon;Tue;Wed;Thu;Fri;
751,132642,00:00-23:30;,Sat;
752,132642,00:00-23:30;,Sun;
753,132643,00:00-23:30;,Mon;Tue;Wed;Thu;Fri;
754,132643,00:00-23:30;,Sat;
755,132643,00:00-23:30;,Sun;
756,132644,00:00-23:30;,Mon;Tue;Wed;Thu;Fri;
757,132644,00:00-23:30;,Sat;
758,132644,00:00-23:30;,Sun;
759,132645,00:00-23:30;,Mon;Tue;Wed;Thu;Fri;
760,132645,00:00-23:30;,Sat;
761,132645,00:00-23:30;,Sun;
762,132646,00:00-23:30;,Mon;Tue;Wed;Thu;Fri;
763,132646,00:00-23:30;,Sat;
764,132646,00:00-23:30;,Sun;
765,132647,00:00-23:30;,Mon;Tue;Wed;Thu;Fri;
766,132647,00:00-23:30;,Sat;
767,132647,00:00-23:30;,Sun;
768,132648,00:00-23:30;,Mon;Tue;Wed;Thu;Fri;
769,132648,00:00-23:30;,Sat;
770,132648,00:00-23:30;,Sun;
771,132649,00:00-23:30;,Mon;Tue;Wed;Thu;Fri;
772,132649,00:00-23:30;,Sat;
773,132649,00:00-23:30;,Sun;
774,132650,00:00-23:30;,Mon;Tue;Wed;Thu;Fri;
775,132650,00:00-23:30;,Sat;
776,132650,00:00-23:30;,Sun;
777,132651,00:00-23:30;,Mon;Tue;Wed;Thu;Fri;
778,132651,00:00-23:30;,Sat;
779,132651,00:00-23:30;,Sun;
780,132652,00:00-23:30;,Mon;Tue;Wed;Thu;Fri;
781,132652,00:00-23:30;,Sat;
782,132652,00:00-23:30;,Sun;
783,132653,00:00-23:30;,Mon;Tue;Wed;Thu;Fri;
784,132653,00:00-23:30;,Sat;
785,132653,00:00-23:30;,Sun;
786,132654,00:00-23:30;,Mon;Tue;Wed;Thu;Fri;
787,132654,00:00-23:30;,Sat;
788,132654,00:00-23:30;,Sun;
789,132655,00:00-23:30;,Mon;Tue;Wed;Thu;Fri;
790,132655,00:00-23:30;,Sat;
791,132655,00:00-23:30;,Sun;
792,132656,00:00-23:30;,Mon;Tue;Wed;Thu;Fri;
793,132656,00:00-23:30;,Sat;
794,132656,00:00-23:30;,Sun;
795,132657,00:00-23:30;,Mon;Tue;Wed;Thu;Fri;
796,132657,00:00-23:30;,Sat;
797,132657,00:00-23:30;,Sun;
798,132658,00:00-23:30;,Mon;Tue;Wed;Thu;Fri;
799,132658,00:00-23:30;,Sat;
800,132658,00:00-23:30;,Sun;
801,132659,00:00-23:30;,Mon;Tue;Wed;Thu;Fri;
802,132659,00:00-23:30;,Sat;
803,132659,00:00-23:30;,Sun;
804,132660,00:00-23:30;,Mon;Tue;Wed;Thu;Fri;
805,132660,00:00-23:30;,Sat;
806,132660,00:00-23:30;,Sun;
807,132661,00:00-23:30;,Mon;Tue;Wed;Thu;Fri;
808,132661,00:00-23:30;,Sat;
809,132661,00:00-23:30;,Sun;
810,132662,00:00-23:30;,Mon;Tue;Wed;Thu;Fri;
811,132662,00:00-23:30;,Sat;
812,132662,00:00-23:30;,Sun;
813,132663,00:00-23:30;,Mon;Tue;Wed;Thu;Fri;
814,132663,00:00-23:30;,Sat;
815,132663,00:00-23:30;,Sun;
816,132664,00:00-23:30;,Mon;Tue;Wed;Thu;Fri;
817,132664,00:00-23:30;,Sat;
818,132664,00:00-23:30;,Sun;
819,132665,00:00-23:30;,Mon;Tue;Wed;Thu;Fri;
820,132665,00:00-23:30;,Sat;
821,132665,00:00-23:30;,Sun;
822,132666,00:00-23:30;,Mon;Tue;Wed;Thu;Fri;
823,132666,00:00-23:30;,Sat;
824,132666,00:00-23:30;,Sun;
825,132667,00:00-23:30;,Mon;Tue;Wed;Thu;Fri;
826,132667,00:00-23:30;,Sat;
827,132667,00:00-23:30;,Sun;
828,132668,00:00-23:30;,Mon;Tue;Wed;Thu;Fri;
829,132668,00:00-23:30;,Sat;
830,132668,00:00-23:30;,Sun;
831,132669,00:00-23:30;,Mon;Tue;Wed;Thu;Fri;
832,132669,00:00-23:30;,Sat;
833,132669,00:00-23:30;,Sun;
834,132670,00:00-23:30;,Mon;Tue;Wed;Thu;Fri;
835,132670,00:00-23:30;,Sat;
836,132670,00:00-23:30;,Sun;
837,132671,00:00-23:30;,Mon;Tue;Wed;Thu;Fri;
838,132671,00:00-23:30;,Sat;
839,132671,00:00-23:30;,Sun;
840,132672,00:00-23:30;,Mon;Tue;Wed;Thu;Fri;
841,132672,00:00-23:30;,Sat;
842,132672,00:00-23:30;,Sun;
843,132673,00:00-23:30;,Mon;Tue;Wed;Thu;Fri;
844,132673,00:00-23:30;,Sat;
845,132673,00:00-23:30;,Sun;
846,132674,00:00-23:30;,Mon;Tue;Wed;Thu;Fri;
847,132674,00:00-23:30;,Sat;
848,132674,00:00-23:30;,Sun;
849,132675,00:00-23:30;,Mon;Tue;Wed;Thu;Fri;
850,132675,00:00-23:30;,Sat;
851,132675,00:00-23:30;,Sun;
852,132676,00:00-23:30;,Mon;Tue;Wed;Thu;Fri;
853,132676,00:00-23:30;,Sat;
854,132676,00:00-23:30;,Sun;
855,132677,00:00-23:30;,Mon;Tue;Wed;Thu;Fri;
856,132677,00:00-23:30;,Sat;
857,132677,00:00-23:30;,Sun;
858,132678,00:00-23:30;,Mon;Tue;Wed;Thu;Fri;
859,132678,00:00-23:30;,Sat;
860,132678,00:00-23:30;,Sun;
861,132679,00:00-23:30;,Mon;Tue;Wed;Thu;Fri;
862,132679,00:00-23:30;,Sat;
863,132679,00:00-23:30;,Sun;
864,132680,10:00-17:00;,Mon;Tue;Wed;Thu;Fri;
865,132680,00:00-23:30;,Sat;
866,132680,00:00-23:30;,Sun;
867,132681,09:30-17:00;,Mon;Tue;Wed;Thu;Fri;
868,132681,00:00-23:30;,Sat;
869,132681,00:00-23:30;,Sun;
870,132682,10:00-23:00;,Mon;Tue;Wed;Thu;Fri;
871,132682,00:00-23:30;,Sat;
872,132682,00:00-23:30;,Sun;
873,132683,11:00-22:00;,Mon;Tue;Wed;Thu;Fri;
874,132683,00:00-23:30;,Sat;
875,132683,00:00-23:30;,Sun;
876,132684,00:00-23:30;,Mon;Tue;Wed;Thu;Fri;
877,132684,00:00-23:30;,Sat;
878,132684,00:00-23:30;,Sun;
879,132685,00:00-23:30;,Mon;Tue;Wed;Thu;Fri;
880,132685,00:00-23:30;,Sat;
881,132685,00:00-23:30;,Sun;
882,132686,00:00-23:30;,Mon;Tue;Wed;Thu;Fri;
883,132686,00:00-23:30;,Sat;
884,132686,00:00-23:30;,Sun;
885,132687,00:00-23:30;,Mon;Tue;Wed;Thu;Fri;
886,132687,00:00-23:30;,Sat;
887,132687,00:00-23:30;,Sun;
888,132688,00:00-23:30;,Mon;Tue;Wed;Thu;Fri;
889,132688,00:00-23:30;,Sat;
890,132688,00:00-23:30;,Sun;
891,132689,00:00-23:30;,Mon;Tue;Wed;Thu;Fri;
892,132689,00:00-23:30;,Sat;
893,132689,00:00-23:30;,Sun;
894,132690,00:00-23:30;,Mon;Tue;Wed;Thu;Fri;
895,132690,00:00-23:30;,Sat;
896,132690,00:00-23:30;,Sun;
897,132691,00:00-23:30;,Mon;Tue;Wed;Thu;Fri;
898,132691,00:00-23:30;,Sat;
899,132691,00:00-23:30;,Sun;
900,132692,00:00-23:30;,Mon;Tue;Wed;Thu;Fri;
901,132692,00:00-23:30;,Sat;
902,132692,00:00-23:30;,Sun;
903,132693,00:00-23:30;,Mon;Tue;Wed;Thu;Fri;
904,132693,00:00-23:30;,Sat;
905,132693,00:00-23:30;,Sun;
906,132694,18:00-02:00;,Mon;Tue;Wed;Thu;Fri;
907,132694,18:00-02:00;,Sat;
908,132694,18:00-01:00;,Sun;
909,132695,19:00-02:00;,Mon;Tue;Wed;Thu;Fri;
910,132695,19:00-02:00;,Sat;
911,132695,19:00-02:00;,Sun;
912,132696,20:00-00:30;,Mon;Tue;Wed;Thu;Fri;
913,132696,19:00-01:00;,Sat;
914,132696,19:00-00:30;,Sun;
915,132697,09:00-21:00;,Mon;Tue;Wed;Thu;Fri;
916,132697,09:00-21:00;,Sat;
917,132697,10:00-20:00;,Sun;
918,132698,09:00-18:00;,Mon;Tue;Wed;Thu;Fri;
919,132698,09:00-18:00;,Sat;
920,132698,00:00-00:00;,Sun;
921,132699,09:00-20:00;,Mon;Tue;Wed;Thu;Fri;
922,132699,09:00-20:00;,Sat;
923,132699,09:00-18:00;,Sun;
924,132700,09:00-20:00;,Mon;Tue;Wed;Thu;Fri;
925,132700,09:00-20:00;,Sat;
926,132700,09:00-18:00;,Sun;
927,132701,09:00-23:00;,Mon;Tue;Wed;Thu;Fri;
928,132701,09:00-23:00;,Sat;
929,132701,00:00-00:00;,Sun;
930,132702,12:00-23:00;,Mon;Tue;Wed;Thu;Fri;
931,132702,12:00-23:00;,Sat;
932,132702,12:00-23:00;,Sun;
933,132703,09:00-17:30;,Mon;Tue;Wed;Thu;Fri;
934,132703,09:00-17:30;,Sat;
935,132703,00:00-00:00;,Sun;
936,132704,09:00-18:00;,Mon;Tue;Wed;Thu;Fri;
937,132704,09:00-18:00;,Sat;
938,132704,09:00-18:00;,Sun;
939,132705,09:00-17:00;,Mon;Tue;Wed;Thu;Fri;
940,132705,09:00-17:00;,Sat;
941,132705,00:00-00:00;,Sun;
942,132706,09:00-20:00;,Mon;Tue;Wed;Thu;Fri;
943,132706,09:00-20:00;,Sat;
944,132706,09:00-20:00;,Sun;
945,132707,09:00-17:00;,Mon;Tue;Wed;Thu;Fri;
946,132707,09:00-17:00;,Sat;
947,132707,00:00-00:00;,Sun;
948,132708,09:00-17:00;,Mon;Tue;Wed;Thu;Fri;
949,132708,09:00-17:00;,Sat;
950,132708,00:00-00:00;,Sun;
951,132709,09:00-17:00;,Mon;Tue;Wed;Thu;Fri;
952,132709,09:00-17:00;,Sat;
953,132709,00:00-00:00;,Sun;
954,132710,20:00-03:00;,Mon;Tue;Wed;Thu;Fri;
955,132710,20:00-03:00;,Sat;
956,132710,00:00-00:00;,Sun;
957,132711,20:30-20:30;,Mon;Tue;Wed;Thu;Fri;
958,132711,01:00-01:00;,Sat;
959,132711,00:00-00:00;,Sun;
960,132712,09:00-21:00;,Mon;Tue;Wed;Thu;Fri;
961,132712,09:00-21:00;,Sat;
962,132712,00:00-00:00;,Sun;
963,132713,06:00-00:00;,Mon;Tue;Wed;Thu;Fri;
964,132713,06:00-23:30;,Sat;
965,132713,07:00-23:30;,Sun;
966,132714,19:00-23:30;,Mon;Tue;Wed;Thu;Fri;
967,132714,19:00-23:30;,Sat;
968,132714,19:00-23:30;,Sun;
969,132715,09:00-16:00;,Mon;Tue;Wed;Thu;Fri;
970,132715,09:00-16:00;,Sat;
971,132715,09:00-16:00;,Sun;
972,132716,09:00-20:00;,Mon;Tue;Wed;Thu;Fri;
973,132716,09:00-20:30;,Sat;
974,132716,09:00-22:00;,Sun;
975,132717,09:30-21:30;,Mon;Tue;Wed;Thu;Fri;
976,132717,09:30-21:30;,Sat;
977,132717,09:30-21:30;,Sun;
978,132718,19:00-23:30;,Mon;Tue;Wed;Thu;Fri;
979,132718,19:00-23:30;,Sat;
980,132718,19:00-23:30;,Sun;
981,132719,20:00-01:00;,Sat;
982,132719,20:00-01:00;,Mon;Tue;Wed;Thu;Fri;
983,132719,18:30-01:00;,Sun;
984,132720,09:30-23:30;,Mon;Tue;Wed;Thu;Fri;
985,132720,09:30-23:30;,Sat;
986,132720,09:30-23:30;,Sun;
987,132721,09:30-20:00;,Mon;Tue;Wed;Thu;Fri;
988,132721,09:30-21:00;,Sat;
989,132721,09:30-20:30;,Sun;
990,132722,18:00-23:30;,Mon;Tue;Wed;Thu;Fri;
991,132722,18:00-23:30;,Sat;
992,132722,18:00-23:30;,Sun;
993,132723,06:30-15:00;,Mon;Tue;Wed;Thu;Fri;
994,132723,00:00-23:30;,Sat;
995,132723,00:00-23:30;,Sun;
996,132724,00:00-23:30;,Mon;Tue;Wed;Thu;Fri;
997,132724,00:00-23:30;,Sat;
998,132724,00:00-23:30;,Sun;
999,132725,08:00-13:00;,Mon;Tue;Wed;Thu;Fri;
1000,132725,09:00-13:00;,Sat;
1001,132725,00:00-23:30;,Sun;
1002,132726,00:00-23:30;,Mon;Tue;Wed;Thu;Fri;
1003,132726,00:00-23:30;,Sat;
1004,132726,00:00-23:30;,Sun;
1005,132727,00:00-23:30;,Mon;Tue;Wed;Thu;Fri;
1006,132727,00:00-23:30;,Sat;
1007,132727,00:00-23:30;,Sun;
1008,132728,00:00-23:30;,Mon;Tue;Wed;Thu;Fri;
1009,132728,00:00-23:30;,Sat;
1010,132728,00:00-23:30;,Sun;
1011,132729,00:00-23:30;,Mon;Tue;Wed;Thu;Fri;
1012,132729,00:00-23:30;,Sat;
1013,132729,00:00-23:30;,Sun;
1014,132730,00:00-23:30;,Mon;Tue;Wed;Thu;Fri;
1015,132730,00:00-23:30;,Sat;
1016,132730,00:00-23:30;,Sun;
1017,132731,00:00-23:30;,Mon;Tue;Wed;Thu;Fri;
1018,132731,00:00-23:30;,Sat;
1019,132731,00:00-23:30;,Sun;
1020,132732,19:00-01:00;,Mon;Tue;Wed;Thu;Fri;
1021,132732,19:00-01:00;,Sat;
1022,132732,19:00-01:00;,Sun;
1023,132733,10:30-22:30;,Mon;Tue;Wed;Thu;Fri;
1024,132733,10:30-22:30;,Sat;
1025,132733,09:00-21:00;,Sun;
1026,132734,09:00-22:00;,Mon;Tue;Wed;Thu;Fri;
1027,132734,09:00-22:00;,Sat;
1028,132734,10:00-22:00;,Sun;
1029,132735,09:00-23:00;,Mon;Tue;Wed;Thu;Fri;
1030,132735,09:00-22:30;,Sat;
1031,132735,09:00-22:30;,Sun;
1032,132736,10:00-21:00;,Mon;Tue;Wed;Thu;Fri;
1033,132736,10:00-21:00;,Sat;
1034,132736,10:00-21:00;,Sun;
1035,132737,10:00-16:00;,Mon;Tue;Wed;Thu;Fri;
1036,132737,10:00-16:00;,Sat;
1037,132737,10:00-10:00;,Sun;
1038,132738,18:00-23:30;,Mon;Tue;Wed;Thu;Fri;
1039,132738,18:00-23:30;,Sat;
1040,132738,18:00-23:30;,Sun;
1041,132739,08:00-17:00;,Mon;Tue;Wed;Thu;Fri;
1042,132739,08:00-17:00;,Sat;
1043,132739,08:00-15:00;,Sun;
1044,132740,08:30-12:00;,Mon;Tue;Wed;Thu;Fri;
1045,132740,08:30-12:00;,Sat;
1046,132740,08:30-12:00;,Sun;
1047,132741,19:00-23:30;,Mon;Tue;Wed;Thu;Fri;
1048,132741,19:00-23:30;,Sat;
1049,132741,19:00-23:30;,Sun;
1050,132742,08:00-15:00;,Mon;Tue;Wed;Thu;Fri;
1051,132742,09:00-15:00;,Sat;
1052,132742,09:00-15:00;,Sun;
1053,132743,00:00-23:30;,Mon;Tue;Wed;Thu;Fri;
1054,132743,00:00-23:30;,Sat;
1055,132743,00:00-23:30;,Sun;
1056,132744,19:00-23:30;,Mon;Tue;Wed;Thu;Fri;
1057,132744,19:00-23:30;,Sat;
1058,132744,19:00-23:30;,Sun;
1059,132745,18:00-23:30;,Mon;Tue;Wed;Thu;Fri;
1060,132745,18:00-23:30;,Sat;
1061,132745,18:00-23:30;,Sun;
1062,132746,11:30-22:30;,Mon;Tue;Wed;Thu;Fri;
1063,132746,11:30-22:00;,Sat;
1064,132746,11:30-21:00;,Sun;
1065,132747,00:00-23:30;,Mon;Tue;Wed;Thu;Fri;
1066,132747,00:00-23:30;,Sat;
1067,132747,00:00-23:30;,Sun;
1068,132748,19:30-23:30;,Mon;Tue;Wed;Thu;Fri;
1069,132748,19:30-23:30;,Sat;
1070,132748,00:00-00:00;,Sun;
1071,132749,12:00-22:00;,Mon;Tue;Wed;Thu;Fri;
1072,132749,12:00-21:00;,Sat;
1073,132749,12:00-20:00;,Sun;
1074,132750,13:00-21:00;,Mon;Tue;Wed;Thu;Fri;
1075,132750,13:00-21:00;,Sat;
1076,132750,13:00-20:00;,Sun;
1077,132751,11:00-23:00;,Mon;Tue;Wed;Thu;Fri;
1078,132751,11:00-23:30;,Sat;
1079,132751,11:00-23:30;,Sun;
1080,132752,07:00-15:00;,Mon;Tue;Wed;Thu;Fri;
1081,132752,07:00-15:00;,Sat;
1082,132752,00:00-00:00;,Sun;
1083,132753,07:30-23:30;,Mon;Tue;Wed;Thu;Fri;
1084,132753,07:30-23:30;,Sat;
1085,132753,07:30-23:30;,Sun;
1086,132754,08:00-20:00;,Mon;Tue;Wed;Thu;Fri;
1087,132754,08:00-20:00;,Sat;
1088,132754,08:00-18:00;,Sun;
1089,132755,00:00-23:30;,Mon;Tue;Wed;Thu;Fri;
1090,132755,00:00-23:30;,Sat;
1091,132755,00:00-23:30;,Sun;
1092,132756,08:00-23:30;,Mon;Tue;Wed;Thu;Fri;
1093,132756,08:00-23:30;,Sat;
1094,132756,08:00-23:30;,Sun;
1095,132757,17:00-23:30;,Mon;Tue;Wed;Thu;Fri;
1096,132757,17:00-23:30;,Sat;
1097,132757,17:00-23:30;,Sun;
1098,132758,09:00-22:00;,Mon;Tue;Wed;Thu;Fri;
1099,132758,09:00-22:00;,Sat;
1100,132758,09:00-22:00;,Sun;
1101,132759,12:00-22:00;,Mon;Tue;Wed;Thu;Fri;
1102,132759,12:00-22:00;,Sat;
1103,132759,12:00-22:00;,Sun;
1104,132760,06:00-03:00;,Mon;Tue;Wed;Thu;Fri;
1105,132760,00:00-23:30;,Sat;
1106,132760,00:00-23:30;,Sun;
1107,132761,11:00-19:00;,Mon;Tue;Wed;Thu;Fri;
1108,132761,10:00-21:00;,Sat;
1109,132761,11:00-21:00;,Sun;
1110,132762,00:00-00:00;,Mon;Tue;Wed;Thu;Fri;
1111,132762,19:00-23:30;,Sat;
1112,132762,19:00-23:30;,Sun;
1113,132766,00:00-23:30;,Mon;Tue;Wed;Thu;Fri;
1114,132766,00:00-23:30;,Sat;
1115,132766,00:00-23:30;,Sun;
1116,132767,14:00-20:00;,Mon;Tue;Wed;Thu;Fri;
1117,132767,14:00-23:30;,Sat;
1118,132767,12:30-23:30;,Sun;
1119,132768,09:00-19:00;,Mon;Tue;Wed;Thu;Fri;
1120,132768,10:00-18:00;,Sat;
1121,132768,10:00-19:00;,Sun;
1122,132769,00:00-23:30;,Mon;Tue;Wed;Thu;Fri;
1123,132769,16:30-22:30;,Sat;
1124,132769,07:00-13:30;,Sun;
1125,132770,12:00-18:30;,Mon;Tue;Wed;Thu;Fri;
1126,132770,00:00-23:30;,Sat;
1127,132770,00:00-23:30;,Sun;
1128,132771,10:30-19:30;,Mon;Tue;Wed;Thu;Fri;
1129,132771,10:00-19:00;,Sat;
1130,132771,09:00-20:00;,Sun;
1131,132772,17:00-23:30;,Mon;Tue;Wed;Thu;Fri;
1132,132772,12:00-23:00;,Sat;
1133,132772,00:00-23:30;,Sun;
1134,132773,10:00-18:00;,Mon;Tue;Wed;Thu;Fri;
1135,132773,10:00-13:00;,Sat;
1136,132773,10:00-13:00;,Sun;
1137,132774,07:00-22:00;,Mon;Tue;Wed;Thu;Fri;
1138,132774,07:00-22:00;,Sat;
1139,132774,07:00-22:00;,Sun;
1140,132775,20:00-23:30;,Mon;Tue;Wed;Thu;Fri;
1141,132775,20:00-23:30;,Sat;
1142,132775,20:00-23:30;,Sun;
1143,132776,13:00-17:00;,Mon;Tue;Wed;Thu;Fri;
1144,132776,13:00-17:00;,Sat;
1145,132776,00:00-23:30;,Sun;
1146,132777,00:00-23:30;,Mon;Tue;Wed;Thu;Fri;
1147,132777,00:00-23:30;,Sat;
1148,132777,00:00-23:30;,Sun;
1149,132778,00:00-23:30;,Mon;Tue;Wed;Thu;Fri;
1150,132778,00:00-23:30;,Sat;
1151,132778,00:00-23:30;,Sun;
1152,132779,07:00-20:00;,Mon;Tue;Wed;Thu;Fri;
1153,132779,07:00-20:00;,Sat;
1154,132779,00:00-23:30;,Sun;
1155,132780,00:00-23:30;,Mon;Tue;Wed;Thu;Fri;
1156,132780,00:00-23:30;,Sat;
1157,132780,00:00-23:30;,Sun;
1158,132781,00:00-23:30;,Mon;Tue;Wed;Thu;Fri;
1159,132781,00:00-23:30;,Sat;
1160,132781,00:00-23:30;,Sun;
1161,132782,09:00-18:00;,Mon;Tue;Wed;Thu;Fri;
1162,132782,10:00-18:00;,Sat;
1163,132782,10:00-18:00;,Sun;
1164,132783,11:00-23:00;,Mon;Tue;Wed;Thu;Fri;
1165,132783,11:00-23:30;,Sat;
1166,132783,11:00-23:30;,Sun;
1167,132784,14:00-23:30;,Mon;Tue;Wed;Thu;Fri;
1168,132784,14:00-23:30;,Sat;
1169,132784,14:00-23:30;,Sun;
1170,132785,14:00-23:30;,Mon;Tue;Wed;Thu;Fri;
1171,132785,14:00-23:30;,Sat;
1172,132785,14:00-23:30;,Sun;
1173,132786,09:00-23:30;,Mon;Tue;Wed;Thu;Fri;
1174,132786,09:00-23:30;,Sat;
1175,132786,09:00-23:30;,Sun;
1176,132787,14:00-23:30;,Mon;Tue;Wed;Thu;Fri;
1177,132787,14:00-23:30;,Sat;
1178,132787,14:00-23:30;,Sun;
1179,132788,14:00-23:00;,Mon;Tue;Wed;Thu;Fri;
1180,132788,14:00-23:00;,Sat;
1181,132788,14:00-23:00;,Sun;
1182,132789,11:00-19:00;,Mon;Tue;Wed;Thu;Fri;
1183,132789,11:00-19:00;,Sat;
1184,132789,11:00-19:00;,Sun;
1185,132790,14:00-23:30;,Mon;Tue;Wed;Thu;Fri;
1186,132790,14:00-23:30;,Sat;
1187,132790,14:00-23:30;,Sun;
1188,132791,09:00-23:30;,Mon;Tue;Wed;Thu;Fri;
1189,132791,09:00-23:30;,Sat;
1190,132791,09:00-23:30;,Sun;
1191,132792,09:00-23:00;,Mon;Tue;Wed;Thu;Fri;
1192,132792,09:00-23:00;,Sat;
1193,132792,09:00-23:00;,Sun;
1194,132793,10:30-22:30;,Mon;Tue;Wed;Thu;Fri;
1195,132793,10:00-23:00;,Sat;
1196,132793,10:00-23:00;,Sun;
1197,132794,00:00-23:30;,Mon;Tue;Wed;Thu;Fri;
1198,132794,00:00-23:30;,Sat;
1199,132794,00:00-23:30;,Sun;
1200,132795,10:00-23:00;,Mon;Tue;Wed;Thu;Fri;
1201,132795,09:00-23:30;,Sat;
1202,132795,09:00-23:30;,Sun;
1203,132796,00:00-23:30;,Mon;Tue;Wed;Thu;Fri;
1204,132796,00:00-23:30;,Sat;
1205,132796,00:00-23:30;,Sun;
1206,132797,10:00-23:30;,Mon;Tue;Wed;Thu;Fri;
1207,132797,10:00-23:30;,Sat;
1208,132797,10:00-23:30;,Sun;
1209,132798,00:00-23:30;,Mon;Tue;Wed;Thu;Fri;
1210,132798,00:00-23:30;,Sat;
1211,132798,00:00-23:30;,Sun;
1212,132799,09:00-23:30;,Mon;Tue;Wed;Thu;Fri;
1213,132799,10:30-23:30;,Sat;
1214,132799,11:30-23:30;,Sun;
1215,132801,12:00-23:30;,Mon;Tue;Wed;Thu;Fri;
1216,132801,13:30-23:30;,Sat;
1217,132801,13:00-23:30;,Sun;
1218,132802,09:00-23:30;,Mon;Tue;Wed;Thu;Fri;
1219,132802,09:30-23:30;,Sat;
1220,132802,09:30-23:30;,Sun;
1221,132803,11:00-23:30;,Mon;Tue;Wed;Thu;Fri;
1222,132803,11:30-23:30;,Sat;
1223,132803,11:30-23:30;,Sun;
1224,132804,00:00-23:30;,Mon;Tue;Wed;Thu;Fri;
1225,132804,00:00-23:30;,Sat;
1226,132804,00:00-23:30;,Sun;
1227,132805,09:00-19:00;,Sat;
1228,132805,09:00-19:00;,Mon;Tue;Wed;Thu;Fri;
1229,132805,09:00-19:00;,Sun;
1230,132806,00:00-23:30;,Mon;Tue;Wed;Thu;Fri;
1231,132806,00:00-23:30;,Sat;
1232,132806,00:00-23:30;,Sun;
1233,132807,00:00-23:30;,Mon;Tue;Wed;Thu;Fri;
1234,132807,00:00-23:30;,Sat;
1235,132807,00:00-23:30;,Sun;
1236,132808,00:00-23:30;,Mon;Tue;Wed;Thu;Fri;
1237,132808,00:00-23:30;,Sat;
1238,132808,00:00-23:30;,Sun;
1239,132809,00:00-23:30;,Mon;Tue;Wed;Thu;Fri;
1240,132809,00:00-23:30;,Sat;
1241,132809,00:00-23:30;,Sun;
1242,132810,00:00-23:30;,Mon;Tue;Wed;Thu;Fri;
1243,132810,00:00-23:30;,Sat;
1244,132810,00:00-23:30;,Sun;
1245,132811,00:00-23:30;,Mon;Tue;Wed;Thu;Fri;
1246,132811,00:00-23:30;,Sat;
1247,132811,00:00-23:30;,Sun;
1248,132812,00:00-23:30;,Mon;Tue;Wed;Thu;Fri;
1249,132812,00:00-23:30;,Sat;
1250,132812,00:00-23:30;,Sun;
1251,132813,00:00-23:30;,Mon;Tue;Wed;Thu;Fri;
1252,132813,00:00-23:30;,Sat;
1253,132813,00:00-23:30;,Sun;
1254,132815,00:00-23:30;,Mon;Tue;Wed;Thu;Fri;
1255,132815,00:00-23:30;,Sat;
1256,132815,00:00-23:30;,Sun;
1257,132816,00:00-23:30;,Mon;Tue;Wed;Thu;Fri;
1258,132816,00:00-23:30;,Sat;
1259,132816,00:00-23:30;,Sun;
1260,132817,00:00-23:30;,Mon;Tue;Wed;Thu;Fri;
1261,132817,00:00-23:30;,Sat;
1262,132817,00:00-23:30;,Sun;
1263,132818,00:00-23:30;,Mon;Tue;Wed;Thu;Fri;
1264,132818,00:00-23:30;,Sat;
1265,132818,00:00-23:30;,Sun;
1266,132819,00:00-23:30;,Mon;Tue;Wed;Thu;Fri;
1267,132819,00:00-23:30;,Sat;
1268,132819,00:00-23:30;,Sun;
1269,132820,00:00-23:30;,Mon;Tue;Wed;Thu;Fri;
1270,132820,00:00-23:30;,Sat;
1271,132820,00:00-23:30;,Sun;
1272,132821,00:00-23:30;,Mon;Tue;Wed;Thu;Fri;
1273,132821,00:00-23:30;,Sat;
1274,132821,00:00-23:30;,Sun;
1275,132822,00:00-23:30;,Mon;Tue;Wed;Thu;Fri;
1276,132822,00:00-23:30;,Sat;
1277,132822,00:00-23:30;,Sun;
1278,132823,00:00-23:30;,Mon;Tue;Wed;Thu;Fri;
1279,132823,00:00-23:30;,Sat;
1280,132823,00:00-23:30;,Sun;
1281,132824,00:00-23:30;,Mon;Tue;Wed;Thu;Fri;
1282,132824,00:00-23:30;,Sat;
1283,132824,00:00-23:30;,Sun;
1284,132825,09:00-12:00;,Mon;Tue;Wed;Thu;Fri;
1285,132825,09:00-12:00;,Sat;
1286,132825,09:00-12:00;,Sun;
1287,132826,00:00-23:30;,Mon;Tue;Wed;Thu;Fri;
1288,132826,00:00-23:30;,Sat;
1289,132826,00:00-23:30;,Sun;
1290,132827,00:00-23:30;,Mon;Tue;Wed;Thu;Fri;
1291,132827,00:00-23:30;,Sat;
1292,132827,00:00-23:30;,Sun;
1293,132828,00:00-23:30;,Mon;Tue;Wed;Thu;Fri;
1294,132828,00:00-23:30;,Sat;
1295,132828,00:00-23:30;,Sun;
1296,132829,00:00-23:30;,Mon;Tue;Wed;Thu;Fri;
1297,132829,00:00-23:30;,Sat;
1298,132829,00:00-23:30;,Sun;
1299,132830,00:00-23:30;,Mon;Tue;Wed;Thu;Fri;
1300,132830,00:00-23:30;,Sat;
1301,132830,00:00-23:30;,Sun;
1302,132831,00:00-23:30;,Mon;Tue;Wed;Thu;Fri;
1303,132831,00:00-23:30;,Sat;
1304,132831,00:00-23:30;,Sun;
1305,132832,00:00-23:30;,Mon;Tue;Wed;Thu;Fri;
1306,132832,00:00-23:30;,Sat;
1307,132832,00:00-23:30;,Sun;
1308,132833,00:00-23:30;,Mon;Tue;Wed;Thu;Fri;
1309,132833,00:00-23:30;,Sat;
1310,132833,00:00-23:30;,Sun;
1311,132834,08:30-15:00;,Mon;Tue;Wed;Thu;Fri;
1312,132834,00:00-23:30;,Sat;
1313,132834,00:00-23:30;,Sun;
1314,132835,00:00-23:30;,Mon;Tue;Wed;Thu;Fri;
1315,132835,00:00-23:30;,Sat;
1316,132835,00:00-23:30;,Sun;
1317,132836,00:00-23:30;,Mon;Tue;Wed;Thu;Fri;
1318,132836,00:00-23:30;,Sat;
1319,132836,00:00-23:30;,Sun;
1320,132837,00:00-23:30;,Mon;Tue;Wed;Thu;Fri;
1321,132837,00:00-23:30;,Sat;
1322,132837,00:00-23:30;,Sun;
1323,132838,00:00-23:30;,Mon;Tue;Wed;Thu;Fri;
1324,132838,00:00-23:30;,Sat;
1325,132838,00:00-23:30;,Sun;
1326,132839,00:00-23:30;,Mon;Tue;Wed;Thu;Fri;
1327,132839,00:00-23:30;,Sat;
1328,132839,00:00-23:30;,Sun;
1329,132840,07:00-11:00;,Mon;Tue;Wed;Thu;Fri;
1330,132840,07:00-11:00;,Sat;
1331,132840,00:00-00:00;,Sun;
1332,132841,12:00-18:00;,Mon;Tue;Wed;Thu;Fri;
1333,132841,12:00-18:00;,Sat;
1334,132841,12:00-18:00;,Sun;
1335,132842,19:00-04:00;,Mon;Tue;Wed;Thu;Fri;
1336,132842,19:00-04:00;,Sat;
1337,132842,19:00-12:00;,Sun;
1338,132843,00:00-23:30;,Mon;Tue;Wed;Thu;Fri;
1339,132843,00:00-23:30;,Sat;
1340,132843,00:00-23:30;,Sun;
1341,132844,00:00-23:30;,Mon;Tue;Wed;Thu;Fri;
1342,132844,00:00-23:30;,Sat;
1343,132844,00:00-23:30;,Sun;
1344,132845,19:30-23:30;,Mon;Tue;Wed;Thu;Fri;
1345,132845,19:30-23:30;,Sat;
1346,132845,19:30-23:30;,Sun;
1347,132846,08:00-23:30;,Mon;Tue;Wed;Thu;Fri;
1348,132846,08:00-23:30;,Sat;
1349,132846,08:00-23:30;,Sun;
1350,132847,20:00-01:30;,Mon;Tue;Wed;Thu;Fri;
1351,132847,20:00-01:30;,Sat;
1352,132847,20:00-01:30;,Sun;
1353,132848,17:30-01:30;,Mon;Tue;Wed;Thu;Fri;
1354,132848,17:30-01:30;,Sat;
1355,132848,17:30-01:30;,Sun;
1356,132849,14:00-21:00;,Mon;Tue;Wed;Thu;Fri;
1357,132849,14:00-21:00;,Sat;
1358,132849,14:00-21:00;,Sun;
1359,132850,08:00-22:00;,Mon;Tue;Wed;Thu;Fri;
1360,132850,08:00-22:00;,Sat;
1361,132850,18:00-22:00;,Sun;
1362,132851,09:00-22:00;,Mon;Tue;Wed;Thu;Fri;
1363,132851,09:00-22:00;,Sat;
1364,132851,09:00-22:00;,Sun;
1365,132852,18:00-05:30;,Mon;Tue;Wed;Thu;Fri;
1366,132852,18:00-05:30;,Sat;
1367,132852,18:00-04:30;,Sun;
1368,132853,12:00-19:00;,Mon;Tue;Wed;Thu;Fri;
1369,132853,12:00-19:00;,Sat;
1370,132853,00:00-00:00;,Sun;
1371,132854,10:30-22:00;,Mon;Tue;Wed;Thu;Fri;
1372,132854,10:30-22:00;,Sat;
1373,132854,10:30-22:00;,Sun;
1374,132855,10:00-16:30;,Mon;Tue;Wed;Thu;Fri;
1375,132855,10:00-16:30;,Sat;
1376,132855,10:00-16:30;,Sun;
1377,132856,10:30-22:30;,Mon;Tue;Wed;Thu;Fri;
1378,132856,10:30-22:30;,Sat;
1379,132856,10:30-22:30;,Sun;
1380,132857,10:00-22:00;,Mon;Tue;Wed;Thu;Fri;
1381,132857,10:00-22:00;,Sat;
1382,132857,10:00-22:00;,Sun;
1383,132858,18:30-23:30;,Mon;Tue;Wed;Thu;Fri;
1384,132858,18:30-23:30;,Sat;
1385,132858,18:30-23:30;,Sun;
1386,132859,09:30-22:00;,Mon;Tue;Wed;Thu;Fri;
1387,132859,09:30-22:00;,Sat;
1388,132859,09:30-22:00;,Sun;
1389,132860,10:00-23:00;,Mon;Tue;Wed;Thu;Fri;
1390,132860,10:00-23:00;,Sat;
1391,132860,10:00-23:00;,Sun;
1392,132861,10:00-23:30;,Mon;Tue;Wed;Thu;Fri;
1393,132861,10:00-23:30;,Sat;
1394,132861,10:00-23:30;,Sun;
1395,132862,09:30-23:30;,Mon;Tue;Wed;Thu;Fri;
1396,132862,09:30-23:30;,Sat;
1397,132862,09:30-23:30;,Sun;
1398,132863,10:00-22:30;,Mon;Tue;Wed;Thu;Fri;
1399,132863,10:00-22:30;,Sat;
1400,132863,10:00-22:30;,Sun;
1401,132864,20:00-01:00;,Mon;Tue;Wed;Thu;Fri;
1402,132864,20:00-05:00;,Sat;
1403,132864,20:00-03:00;,Sun;
1404,132865,08:00-23:00;,Mon;Tue;Wed;Thu;Fri;
1405,132865,08:00-23:00;,Sat;
1406,132865,08:00-23:00;,Sun;
1407,132866,09:00-22:00;,Mon;Tue;Wed;Thu;Fri;
1408,132866,09:00-22:00;,Sat;
1409,132866,09:00-22:00;,Sun;
1410,132867,08:00-22:30;,Mon;Tue;Wed;Thu;Fri;
1411,132867,08:00-23:30;,Sat;
1412,132867,08:00-23:30;,Sun;
1413,132868,14:00-02:00;,Mon;Tue;Wed;Thu;Fri;
1414,132868,14:00-02:00;,Sat;
1415,132868,14:00-02:00;,Sun;
1416,132869,10:00-23:00;,Mon;Tue;Wed;Thu;Fri;
1417,132869,10:00-23:00;,Sat;
1418,132869,10:00-23:00;,Sun;
1419,132870,10:30-23:00;,Mon;Tue;Wed;Thu;Fri;
1420,132870,10:30-23:00;,Sat;
1421,132870,10:30-23:00;,Sun;
1422,132871,15:00-23:30;,Mon;Tue;Wed;Thu;Fri;
1423,132871,15:00-23:30;,Sat;
1424,132871,15:00-23:30;,Sun;
1425,132872,09:00-21:00;,Mon;Tue;Wed;Thu;Fri;
1426,132872,09:30-21:00;,Sat;
1427,132872,00:00-00:00;,Sun;
1428,132873,11:00-22:00;,Mon;Tue;Wed;Thu;Fri;
1429,132873,11:00-22:00;,Sat;
1430,132873,11:00-22:00;,Sun;
1431,132874,00:00-23:30;,Mon;Tue;Wed;Thu;Fri;
1432,132874,00:00-23:30;,Sat;
1433,132874,00:00-23:30;,Sun;
1434,132875,00:00-23:30;,Mon;Tue;Wed;Thu;Fri;
1435,132875,00:00-23:30;,Sat;
1436,132875,00:00-23:30;,Sun;
1437,132876,00:00-23:30;,Mon;Tue;Wed;Thu;Fri;
1438,132876,00:00-23:30;,Sat;
1439,132876,00:00-23:30;,Sun;
1440,132877,00:00-23:30;,Mon;Tue;Wed;Thu;Fri;
1441,132877,00:00-23:30;,Sat;
1442,132877,00:00-23:30;,Sun;
1443,132878,00:00-23:30;,Mon;Tue;Wed;Thu;Fri;
1444,132878,00:00-23:30;,Sat;
1445,132878,00:00-23:30;,Sun;
1446,132879,00:00-23:30;,Mon;Tue;Wed;Thu;Fri;
1447,132879,00:00-23:30;,Sat;
1448,132879,00:00-23:30;,Sun;
1449,132880,11:00-18:30;,Mon;Tue;Wed;Thu;Fri;
1450,132880,10:30-19:00;,Sat;
1451,132880,10:30-19:00;,Sun;
1452,132881,00:00-23:30;,Mon;Tue;Wed;Thu;Fri;
1453,132881,00:00-23:30;,Sat;
1454,132881,00:00-23:30;,Sun;
1455,132882,00:00-23:30;,Mon;Tue;Wed;Thu;Fri;
1456,132882,00:00-23:30;,Sat;
1457,132882,00:00-23:30;,Sun;
1458,132883,00:00-23:30;,Mon;Tue;Wed;Thu;Fri;
1459,132883,00:00-23:30;,Sat;
1460,132883,00:00-23:30;,Sun;
1461,132884,00:00-23:30;,Mon;Tue;Wed;Thu;Fri;
1462,132884,00:00-23:30;,Sat;
1463,132884,00:00-23:30;,Sun;
1464,132885,08:00-23:30;,Mon;Tue;Wed;Thu;Fri;
1465,132885,08:00-23:30;,Sat;
1466,132885,08:00-23:30;,Sun;
1467,132886,08:00-23:30;,Mon;Tue;Wed;Thu;Fri;
1468,132886,08:30-23:30;,Sat;
1469,132886,08:30-23:30;,Sun;
1470,132887,09:00-23:30;,Sat;
1471,132887,08:30-23:00;,Mon;Tue;Wed;Thu;Fri;
1472,132887,10:00-23:30;,Sun;
1473,132888,08:00-19:00;,Mon;Tue;Wed;Thu;Fri;
1474,132888,09:00-19:00;,Sat;
1475,132888,00:00-00:00;,Sun;
1476,132889,10:00-19:00;,Mon;Tue;Wed;Thu;Fri;
1477,132889,12:00-23:30;,Sat;
1478,132889,00:00-23:30;,Sun;
1479,132890,09:00-20:00;,Mon;Tue;Wed;Thu;Fri;
1480,132890,09:00-20:00;,Sat;
1481,132890,00:00-23:30;,Sun;
1482,132891,09:00-23:30;,Mon;Tue;Wed;Thu;Fri;
1483,132891,07:00-18:30;,Sat;
1484,132891,10:00-19:00;,Sun;
1485,132892,08:00-20:30;,Mon;Tue;Wed;Thu;Fri;
1486,132892,10:00-20:00;,Sat;
1487,132892,00:00-23:30;,Sun;
1488,132893,07:00-13:00;,Mon;Tue;Wed;Thu;Fri;
1489,132893,10:00-21:00;,Sat;
1490,132893,00:00-23:30;,Sun;
1491,132894,09:00-20:00;,Mon;Tue;Wed;Thu;Fri;
1492,132894,09:00-21:00;,Sat;
1493,132894,11:00-23:30;,Sun;
1494,132895,07:30-23:30;,Mon;Tue;Wed;Thu;Fri;
1495,132895,07:30-23:30;,Sat;
1496,132895,07:30-23:30;,Sun;
1497,132896,06:30-23:30;,Mon;Tue;Wed;Thu;Fri;
1498,132896,06:30-23:30;,Sat;
1499,132896,06:30-23:30;,Sun;
1500,132897,10:00-17:00;,Mon;Tue;Wed;Thu;Fri;
1501,132897,10:00-17:00;,Sat;
1502,132897,00:00-23:30;,Sun;
1503,132898,00:00-23:30;,Mon;Tue;Wed;Thu;Fri;
1504,132898,00:00-23:30;,Sat;
1505,132898,00:00-23:30;,Sun;
1506,132899,07:00-23:30;,Mon;Tue;Wed;Thu;Fri;
1507,132899,07:00-23:30;,Sat;
1508,132899,07:00-23:30;,Sun;
1509,132900,13:00-22:00;,Mon;Tue;Wed;Thu;Fri;
1510,132900,13:00-22:00;,Sat;
1511,132900,14:00-22:00;,Sun;
1512,132901,19:30-23:30;,Mon;Tue;Wed;Thu;Fri;
1513,132901,18:00-23:30;,Sat;
1514,132901,18:30-23:30;,Sun;
1515,132902,19:30-02:00;,Mon;Tue;Wed;Thu;Fri;
1516,132902,19:30-02:00;,Sat;
1517,132902,07:30-02:00;,Sun;
1518,132903,14:00-18:30;,Mon;Tue;Wed;Thu;Fri;
1519,132903,14:00-18:30;,Sat;
1520,132903,14:00-18:30;,Sun;
1521,132904,00:00-23:30;,Mon;Tue;Wed;Thu;Fri;
1522,132904,00:00-23:30;,Sat;
1523,132904,00:00-23:30;,Sun;
1524,132905,00:00-23:30;,Mon;Tue;Wed;Thu;Fri;
1525,132905,00:00-23:30;,Sat;
1526,132905,00:00-23:30;,Sun;
1527,132906,00:00-23:30;,Mon;Tue;Wed;Thu;Fri;
1528,132906,00:00-23:30;,Sat;
1529,132906,00:00-23:30;,Sun;
1530,132907,00:00-23:30;,Mon;Tue;Wed;Thu;Fri;
1531,132907,00:00-23:30;,Sat;
1532,132907,00:00-23:30;,Sun;
1533,132908,00:00-23:30;,Mon;Tue;Wed;Thu;Fri;
1534,132908,00:00-23:30;,Sat;
1535,132908,00:00-23:30;,Sun;
1536,132909,00:00-23:30;,Mon;Tue;Wed;Thu;Fri;
1537,132909,00:00-23:30;,Sat;
1538,132909,00:00-23:30;,Sun;
1539,132910,08:00-17:00;,Mon;Tue;Wed;Thu;Fri;
1540,132910,08:00-17:00;,Sat;
1541,132910,08:00-17:00;,Sun;
1542,132911,11:00-15:30;,Mon;Tue;Wed;Thu;Fri;
1543,132911,11:00-15:30;,Sat;
1544,132911,00:00-23:30;,Sun;
1545,132912,07:30-14:30;,Mon;Tue;Wed;Thu;Fri;
1546,132912,07:30-14:30;,Sat;
1547,132912,07:30-14:30;,Sun;
1548,132913,13:00-23:30;,Mon;Tue;Wed;Thu;Fri;
1549,132913,13:00-23:30;,Sat;
1550,132913,13:00-23:30;,Sun;
1551,132914,18:30-23:00;,Mon;Tue;Wed;Thu;Fri;
1552,132914,18:00-23:30;,Sat;
1553,132914,18:00-23:30;,Sun;
1554,132915,07:00-14:00;,Mon;Tue;Wed;Thu;Fri;
1555,132915,07:00-14:30;,Sat;
1556,132915,07:00-14:00;,Sun;
1557,132916,18:00-22:30;,Mon;Tue;Wed;Thu;Fri;
1558,132916,18:00-23:30;,Sat;
1559,132916,16:00-23:30;,Sun;
1560,132917,09:00-21:00;,Mon;Tue;Wed;Thu;Fri;
1561,132917,09:00-21:00;,Sat;
1562,132917,09:00-18:00;,Sun;
1563,132918,09:00-18:00;,Mon;Tue;Wed;Thu;Fri;
1564,132918,09:00-18:00;,Sat;
1565,132918,09:00-17:00;,Sun;
1566,132919,09:00-13:00;,Mon;Tue;Wed;Thu;Fri;
1567,132919,09:00-13:00;,Sat;
1568,132919,09:00-12:00;,Sun;
1569,132920,13:00-23:30;,Mon;Tue;Wed;Thu;Fri;
1570,132920,13:00-23:30;,Sat;
1571,132920,02:00-23:30;,Sun;
1572,132921,01:00-20:30;,Mon;Tue;Wed;Thu;Fri;
1573,132921,01:00-23:30;,Sat;
1574,132921,01:00-23:30;,Sun;
1575,132922,19:00-23:00;,Mon;Tue;Wed;Thu;Fri;
1576,132922,19:00-23:00;,Sat;
1577,132922,19:00-23:00;,Sun;
1578,132923,04:30-23:30;,Mon;Tue;Wed;Thu;Fri;
1579,132923,04:30-23:30;,Sat;
1580,132923,04:30-23:30;,Sun;
1581,132924,10:30-21:00;,Mon;Tue;Wed;Thu;Fri;
1582,132924,10:30-21:00;,Sat;
1583,132924,10:30-21:00;,Sun;
1584,132925,09:00-21:00;,Mon;Tue;Wed;Thu;Fri;
1585,132925,09:00-21:00;,Sat;
1586,132925,09:00-21:00;,Sun;
1587,132926,07:00-20:00;,Mon;Tue;Wed;Thu;Fri;
1588,132926,07:00-20:00;,Sat;
1589,132926,07:00-20:00;,Sun;
1590,132927,13:30-23:30;,Mon;Tue;Wed;Thu;Fri;
1591,132927,13:00-23:30;,Sat;
1592,132927,13:00-23:30;,Sun;
1593,132928,06:30-17:00;,Mon;Tue;Wed;Thu;Fri;
1594,132928,00:00-00:00;,Sat;
1595,132928,00:00-00:00;,Sun;
1596,132929,08:00-14:00;,Mon;Tue;Wed;Thu;Fri;
1597,132929,08:00-14:00;,Sat;
1598,132929,08:00-14:00;,Sun;
1599,132930,10:00-14:30;,Mon;Tue;Wed;Thu;Fri;
1600,132930,10:00-14:30;,Sat;
1601,132930,00:00-00:00;,Sun;
1602,132931,08:00-22:00;,Mon;Tue;Wed;Thu;Fri;
1603,132931,08:00-22:00;,Sat;
1604,132931,08:00-22:00;,Sun;
1605,132932,11:00-23:30;,Mon;Tue;Wed;Thu;Fri;
1606,132932,10:00-23:30;,Sat;
1607,132932,10:30-20:00;,Sun;
1608,132933,19:00-02:00;,Mon;Tue;Wed;Thu;Fri;
1609,132933,19:00-04:00;,Sat;
1610,132933,19:00-02:00;,Sun;
1611,132934,09:00-18:00;,Mon;Tue;Wed;Thu;Fri;
1612,132934,09:00-18:00;,Sat;
1613,132934,09:00-18:00;,Sun;
1614,132935,00:00-00:00;,Mon;Tue;Wed;Thu;Fri;
1615,132935,12:00-17:00;,Sat;
1616,132935,12:00-17:00;,Sun;
1617,132936,09:30-16:00;,Mon;Tue;Wed;Thu;Fri;
1618,132936,09:30-16:00;,Sat;
1619,132936,00:00-23:30;,Sun;
1620,132937,21:00-02:00;,Mon;Tue;Wed;Thu;Fri;
1621,132937,21:00-02:00;,Sat;
1622,132937,16:00-23:30;,Sun;
1623,132938,00:00-00:00;,Mon;Tue;Wed;Thu;Fri;
1624,132938,11:00-16:00;,Sat;
1625,132938,11:00-16:00;,Sun;
1626,132939,10:00-14:30;,Mon;Tue;Wed;Thu;Fri;
1627,132939,10:00-14:30;,Sat;
1628,132939,00:00-23:30;,Sun;
1629,132940,21:00-01:00;,Mon;Tue;Wed;Thu;Fri;
1630,132940,21:00-01:30;,Sat;
1631,132940,21:00-00:00;,Sun;
1632,132941,15:00-21:00;,Mon;Tue;Wed;Thu;Fri;
1633,132941,15:00-21:00;,Sat;
1634,132941,15:00-21:00;,Sun;
1635,132942,12:00-19:00;,Mon;Tue;Wed;Thu;Fri;
1636,132942,12:00-19:00;,Sat;
1637,132942,12:00-18:00;,Sun;
1638,132943,00:00-23:30;,Mon;Tue;Wed;Thu;Fri;
1639,132943,00:00-23:30;,Sat;
1640,132943,00:00-23:30;,Sun;
1641,132944,12:00-19:00;,Mon;Tue;Wed;Thu;Fri;
1642,132944,12:00-19:00;,Sat;
1643,132944,12:00-19:00;,Sun;
1644,132945,09:00-17:00;,Mon;Tue;Wed;Thu;Fri;
1645,132945,09:00-18:00;,Sat;
1646,132945,09:00-17:00;,Sun;
1647,132946,00:00-23:30;,Mon;Tue;Wed;Thu;Fri;
1648,132946,00:00-23:30;,Sat;
1649,132946,00:00-23:30;,Sun;
1650,132947,12:00-20:00;,Mon;Tue;Wed;Thu;Fri;
1651,132947,12:00-20:00;,Sat;
1652,132947,12:00-20:00;,Sun;
1653,132948,08:00-12:00;,Mon;Tue;Wed;Thu;Fri;
1654,132948,08:00-12:00;,Sat;
1655,132948,08:00-12:00;,Sun;
1656,132950,00:00-23:30;,Mon;Tue;Wed;Thu;Fri;
1657,132950,00:00-23:30;,Sat;
1658,132950,00:00-23:30;,Sun;
1659,132951,00:00-23:30;,Mon;Tue;Wed;Thu;Fri;
1660,132951,00:00-23:30;,Sat;
1661,132951,00:00-23:30;,Sun;
1662,132953,10:00-17:00;,Mon;Tue;Wed;Thu;Fri;
1663,132953,10:00-17:30;,Sat;
1664,132953,10:00-17:30;,Sun;
1665,132954,08:00-22:30;,Mon;Tue;Wed;Thu;Fri;
1666,132954,08:00-15:30;,Sat;
1667,132954,08:00-13:00;,Sun;
1668,132955,00:00-23:30;,Mon;Tue;Wed;Thu;Fri;
1669,132955,00:00-23:30;,Sat;
1670,132955,00:00-23:30;,Sun;
1671,132956,12:00-23:30;,Mon;Tue;Wed;Thu;Fri;
1672,132956,12:00-22:30;,Sat;
1673,132956,12:00-21:00;,Sun;
1674,132957,10:00-23:00;,Mon;Tue;Wed;Thu;Fri;
1675,132957,10:00-23:00;,Sat;
1676,132957,10:00-23:00;,Sun;
1677,132958,10:00-23:30;,Mon;Tue;Wed;Thu;Fri;
1678,132958,10:00-23:30;,Sat;
1679,132958,10:00-23:30;,Sun;
1680,132959,19:00-23:30;,Mon;Tue;Wed;Thu;Fri;
1681,132959,19:00-23:30;,Sat;
1682,132959,19:00-23:30;,Sun;
1683,132960,08:00-19:00;,Mon;Tue;Wed;Thu;Fri;
1684,132960,08:00-19:00;,Sat;
1685,132960,08:00-19:00;,Sun;
1686,132961,18:00-07:00;,Mon;Tue;Wed;Thu;Fri;
1687,132961,18:00-07:00;,Sat;
1688,132961,18:00-07:00;,Sun;
1689,132962,08:00-18:00;,Mon;Tue;Wed;Thu;Fri;
1690,132962,08:00-18:00;,Sat;
1691,132962,08:00-18:00;,Sun;
1692,132963,10:00-22:00;,Mon;Tue;Wed;Thu;Fri;
1693,132963,10:00-22:00;,Sat;
1694,132963,10:00-22:00;,Sun;
1695,132964,12:00-23:30;,Mon;Tue;Wed;Thu;Fri;
1696,132964,12:00-23:30;,Sat;
1697,132964,12:00-23:30;,Sun;
1698,132965,17:00-03:00;,Mon;Tue;Wed;Thu;Fri;
1699,132965,17:00-03:00;,Sat;
1700,132965,17:00-03:00;,Sun;
1701,132966,15:00-03:00;,Mon;Tue;Wed;Thu;Fri;
1702,132966,15:00-03:00;,Sat;
1703,132966,17:00-03:00;,Sun;
1704,132967,21:00-03:00;,Mon;Tue;Wed;Thu;Fri;
1705,132967,21:00-03:00;,Sat;
1706,132967,21:00-03:00;,Sun;
1707,132968,15:00-23:30;,Mon;Tue;Wed;Thu;Fri;
1708,132968,15:00-23:30;,Sat;
1709,132968,15:00-23:30;,Sun;
1710,132969,15:00-23:30;,Mon;Tue;Wed;Thu;Fri;
1711,132969,15:00-23:30;,Sat;
1712,132969,15:00-23:30;,Sun;
1713,132970,20:00-01:00;,Mon;Tue;Wed;Thu;Fri;
1714,132970,20:00-03:30;,Sat;
1715,132970,20:00-02:00;,Sun;
1716,132971,08:00-18:00;,Sat;
1717,132971,08:00-19:00;,Mon;Tue;Wed;Thu;Fri;
1718,132971,08:00-17:00;,Sun;
1719,132972,19:00-01:00;,Mon;Tue;Wed;Thu;Fri;
1720,132972,19:00-02:00;,Sat;
1721,132972,19:00-02:00;,Sun;
1722,132973,21:00-01:30;,Mon;Tue;Wed;Thu;Fri;
1723,132973,20:00-01:00;,Sat;
1724,132973,20:00-00:30;,Sun;
1725,132974,21:00-01:00;,Mon;Tue;Wed;Thu;Fri;
1726,132974,21:00-01:00;,Sat;
1727,132974,21:00-00:00;,Sun;
1728,132975,21:00-01:00;,Mon;Tue;Wed;Thu;Fri;
1729,132975,21:00-01:00;,Sat;
1730,132975,21:00-00:00;,Sun;
1731,132976,21:00-01:00;,Mon;Tue;Wed;Thu;Fri;
1732,132976,21:00-01:00;,Sat;
1733,132976,21:00-00:00;,Sun;
1734,132977,21:00-01:00;,Mon;Tue;Wed;Thu;Fri;
1735,132977,21:00-01:00;,Sat;
1736,132977,21:00-00:00;,Sun;
1737,132978,21:00-01:00;,Mon;Tue;Wed;Thu;Fri;
1738,132978,21:00-01:00;,Sat;
1739,132978,21:00-00:00;,Sun;
1740,132979,21:00-01:00;,Mon;Tue;Wed;Thu;Fri;
1741,132979,21:00-01:00;,Sat;
1742,132979,21:00-00:00;,Sun;
1743,132980,00:00-00:00;,Mon;Tue;Wed;Thu;Fri;
1744,132980,00:00-00:00;,Sat;
1745,132980,08:00-11:00;,Sun;
1746,132981,21:00-01:00;,Mon;Tue;Wed;Thu;Fri;
1747,132981,21:00-01:00;,Sat;
1748,132981,21:00-00:00;,Sun;
1749,132982,21:00-01:00;,Mon;Tue;Wed;Thu;Fri;
1750,132982,21:00-01:00;,Sat;
1751,132982,21:00-00:00;,Sun;
1752,132983,21:00-01:00;,Mon;Tue;Wed;Thu;Fri;
1753,132983,21:00-01:00;,Sat;
1754,132983,21:00-00:00;,Sun;
1755,132984,21:00-01:00;,Mon;Tue;Wed;Thu;Fri;
1756,132984,21:00-01:00;,Sat;
1757,132984,21:00-00:00;,Sun;
1758,132985,00:00-00:00;,Mon;Tue;Wed;Thu;Fri;
1759,132985,00:00-00:00;,Sat;
1760,132985,08:00-11:00;,Sun;
1761,132986,00:00-00:00;,Mon;Tue;Wed;Thu;Fri;
1762,132986,00:00-00:00;,Sat;
1763,132986,08:00-11:00;,Sun;
1764,132992,00:00-23:30;,Mon;Tue;Wed;Thu;Fri;
1765,132992,00:00-23:30;,Sat;
1766,132992,00:00-23:30;,Sun;
1767,132993,18:00-23:30;,Mon;Tue;Wed;Thu;Fri;
1768,132993,18:00-23:30;,Sat;
1769,132993,18:00-23:30;,Sun;
1770,132994,21:00-23:30;,Mon;Tue;Wed;Thu;Fri;
1771,132994,21:00-23:30;,Sat;
1772,132994,21:00-23:30;,Sun;
1773,132995,21:00-23:30;,Mon;Tue;Wed;Thu;Fri;
1774,132995,21:00-23:30;,Sat;
1775,132995,21:00-23:30;,Sun;
1776,132996,08:00-19:00;,Mon;Tue;Wed;Thu;Fri;
1777,132996,08:00-19:00;,Sat;
1778,132996,08:00-14:00;,Sun;
1779,132997,00:00-23:30;,Mon;Tue;Wed;Thu;Fri;
1780,132997,00:00-23:30;,Sat;
1781,132997,00:00-23:30;,Sun;
1782,132998,00:00-23:30;,Mon;Tue;Wed;Thu;Fri;
1783,132998,00:00-23:30;,Sat;
1784,132998,00:00-23:30;,Sun;
1785,132999,00:00-23:30;,Mon;Tue;Wed;Thu;Fri;
1786,132999,00:00-23:30;,Sat;
1787,132999,00:00-23:30;,Sun;
1788,133000,00:00-23:30;,Mon;Tue;Wed;Thu;Fri;
1789,133000,00:00-23:30;,Sat;
1790,133000,00:00-23:30;,Sun;
1791,133001,00:00-23:30;,Mon;Tue;Wed;Thu;Fri;
1792,133001,00:00-23:30;,Sat;
1793,133001,00:00-23:30;,Sun;
1794,133002,00:00-23:30;,Mon;Tue;Wed;Thu;Fri;
1795,133002,00:00-23:30;,Sat;
1796,133002,00:00-23:30;,Sun;
1797,133003,00:00-23:30;,Mon;Tue;Wed;Thu;Fri;
1798,133003,00:00-23:30;,Sat;
1799,133003,00:00-23:30;,Sun;
1800,133004,00:00-23:30;,Mon;Tue;Wed;Thu;Fri;
1801,133004,00:00-23:30;,Sat;
1802,133004,00:00-23:30;,Sun;
1803,133005,00:00-23:30;,Mon;Tue;Wed;Thu;Fri;
1804,133005,00:00-23:30;,Sat;
1805,133005,00:00-23:30;,Sun;
1806,133006,00:00-23:30;,Mon;Tue;Wed;Thu;Fri;
1807,133006,00:00-23:30;,Sat;
1808,133006,00:00-23:30;,Sun;
1809,133007,11:00-19:30;,Mon;Tue;Wed;Thu;Fri;
1810,133007,12:30-21:30;,Sat;
1811,133007,13:30-20:30;,Sun;
1812,133008,14:00-23:30;,Mon;Tue;Wed;Thu;Fri;
1813,133008,15:00-23:30;,Sat;
1814,133008,00:00-00:00;,Sun;
1815,133009,10:00-18:00;,Mon;Tue;Wed;Thu;Fri;
1816,133009,10:00-20:30;,Sat;
1817,133009,10:00-15:30;,Sun;
1818,133010,00:00-23:30;,Mon;Tue;Wed;Thu;Fri;
1819,133010,00:00-23:30;,Sat;
1820,133010,00:00-23:30;,Sun;
1821,133011,00:00-23:30;,Mon;Tue;Wed;Thu;Fri;
1822,133011,00:00-23:30;,Sat;
1823,133011,00:00-23:30;,Sun;
1824,133012,00:00-23:30;,Mon;Tue;Wed;Thu;Fri;
1825,133012,00:00-23:30;,Sat;
1826,133012,00:00-23:30;,Sun;
1827,133013,00:00-23:30;,Mon;Tue;Wed;Thu;Fri;
1828,133013,00:00-23:30;,Sat;
1829,133013,00:00-23:30;,Sun;
1830,133014,00:00-23:30;,Mon;Tue;Wed;Thu;Fri;
1831,133014,00:00-23:30;,Sat;
1832,133014,00:00-23:30;,Sun;
1833,133015,00:00-23:30;,Mon;Tue;Wed;Thu;Fri;
1834,133015,00:00-23:30;,Sat;
1835,133015,00:00-23:30;,Sun;
1836,133016,00:00-23:30;,Mon;Tue;Wed;Thu;Fri;
1837,133016,00:00-23:30;,Sat;
1838,133016,00:00-23:30;,Sun;
1839,133017,00:00-23:30;,Mon;Tue;Wed;Thu;Fri;
1840,133017,00:00-23:30;,Sat;
1841,133017,00:00-23:30;,Sun;
1842,133018,00:00-23:30;,Mon;Tue;Wed;Thu;Fri;
1843,133018,00:00-23:30;,Sat;
1844,133018,00:00-23:30;,Sun;
1845,133019,00:00-23:30;,Mon;Tue;Wed;Thu;Fri;
1846,133019,00:00-23:30;,Sat;
1847,133019,00:00-23:30;,Sun;
1848,133020,18:30-23:30;,Mon;Tue;Wed;Thu;Fri;
1849,133020,17:00-23:30;,Sat;
1850,133020,17:00-23:30;,Sun;
1851,133021,00:00-23:30;,Mon;Tue;Wed;Thu;Fri;
1852,133021,00:00-23:30;,Sat;
1853,133021,00:00-23:30;,Sun;
1854,133022,00:00-23:30;,Mon;Tue;Wed;Thu;Fri;
1855,133022,00:00-23:30;,Sat;
1856,133022,00:00-23:30;,Sun;
1857,133023,00:00-23:30;,Mon;Tue;Wed;Thu;Fri;
1858,133023,00:00-23:30;,Sat;
1859,133023,00:00-23:30;,Sun;
1860,133024,00:00-23:30;,Mon;Tue;Wed;Thu;Fri;
1861,133024,00:00-23:30;,Sat;
1862,133024,00:00-23:30;,Sun;
1863,133025,00:00-23:30;,Mon;Tue;Wed;Thu;Fri;
1864,133025,00:00-23:30;,Sat;
1865,133025,00:00-23:30;,Sun;
1866,133026,14:30-20:00;,Mon;Tue;Wed;Thu;Fri;
1867,133026,14:00-20:30;,Sat;
1868,133026,14:00-20:30;,Sun;
1869,133027,10:00-21:30;,Mon;Tue;Wed;Thu;Fri;
1870,133027,10:00-23:00;,Sat;
1871,133027,10:00-23:00;,Sun;
1872,133028,00:00-23:30;,Mon;Tue;Wed;Thu;Fri;
1873,133028,00:00-23:30;,Sat;
1874,133028,00:00-23:30;,Sun;
1875,133029,13:00-23:30;,Mon;Tue;Wed;Thu;Fri;
1876,133029,13:00-23:30;,Sat;
1877,133029,15:00-23:30;,Sun;
1878,133030,09:00-22:00;,Mon;Tue;Wed;Thu;Fri;
1879,133030,09:00-23:30;,Sat;
1880,133030,09:00-20:00;,Sun;
1881,133031,00:00-23:30;,Mon;Tue;Wed;Thu;Fri;
1882,133031,00:00-23:30;,Sat;
1883,133031,00:00-23:30;,Sun;
1884,133032,00:00-23:30;,Mon;Tue;Wed;Thu;Fri;
1885,133032,00:00-23:30;,Sat;
1886,133032,00:00-23:30;,Sun;
1887,133033,11:00-23:30;,Mon;Tue;Wed;Thu;Fri;
1888,133033,11:00-23:30;,Sat;
1889,133033,11:00-23:30;,Sun;
1890,133034,00:00-23:30;,Mon;Tue;Wed;Thu;Fri;
1891,133034,00:00-23:30;,Sat;
1892,133034,00:00-23:30;,Sun;
1893,133035,12:00-17:00;,Mon;Tue;Wed;Thu;Fri;
1894,133035,12:00-17:00;,Sat;
1895,133035,12:00-19:00;,Sun;
1896,133036,10:30-23:30;,Mon;Tue;Wed;Thu;Fri;
1897,133036,10:30-23:30;,Sat;
1898,133036,10:30-23:30;,Sun;
1899,133037,00:00-23:30;,Mon;Tue;Wed;Thu;Fri;
1900,133037,00:00-23:30;,Sat;
1901,133037,00:00-23:30;,Sun;
1902,133038,10:00-23:30;,Mon;Tue;Wed;Thu;Fri;
1903,133038,10:30-23:30;,Sat;
1904,133038,10:30-23:30;,Sun;
1905,133039,11:00-23:30;,Mon;Tue;Wed;Thu;Fri;
1906,133039,11:00-23:30;,Sat;
1907,133039,11:00-23:30;,Sun;
1908,133040,00:00-23:30;,Mon;Tue;Wed;Thu;Fri;
1909,133040,00:00-23:30;,Sat;
1910,133040,00:00-23:30;,Sun;
1911,133041,00:00-23:30;,Mon;Tue;Wed;Thu;Fri;
1912,133041,00:00-23:30;,Sat;
1913,133041,00:00-23:30;,Sun;
1914,133042,00:00-23:30;,Mon;Tue;Wed;Thu;Fri;
1915,133042,00:00-23:30;,Sat;
1916,133042,00:00-23:30;,Sun;
1917,133043,07:00-22:00;,Mon;Tue;Wed;Thu;Fri;
1918,133043,07:00-22:00;,Sat;
1919,133043,07:00-22:00;,Sun;
1920,133047,06:00-23:30;,Mon;Tue;Wed;Thu;Fri;
1921,133047,02:00-23:30;,Sat;
1922,133047,04:00-23:30;,Sun;
1923,133048,09:00-17:00;,Mon;Tue;Wed;Thu;Fri;
1924,133048,09:00-17:00;,Sat;
1925,133048,10:00-03:30;,Sun;
1926,133049,09:00-16:00;,Mon;Tue;Wed;Thu;Fri;
1927,133049,10:00-15:00;,Sat;
1928,133049,10:00-16:00;,Sun;
1929,134970,08:00-23:00;,Mon;Tue;Wed;Thu;Fri;
1930,134970,08:00-23:00;,Sat;
1931,134970,08:00-23:00;,Sun;
1932,134971,14:00-23:00;,Mon;Tue;Wed;Thu;Fri;
1933,134971,14:00-23:00;,Sat;
1934,134971,14:00-23:00;,Sun;
1935,134972,07:00-23:00;,Mon;Tue;Wed;Thu;Fri;
1936,134972,07:00-23:00;,Sat;
1937,134972,07:00-23:00;,Sun;
1938,134973,08:00-21:00;,Mon;Tue;Wed;Thu;Fri;
1939,134973,08:00-21:00;,Sat;
1940,134973,09:00-17:00;,Sun;
1941,134974,13:00-22:00;,Mon;Tue;Wed;Thu;Fri;
1942,134974,13:00-22:00;,Sat;
1943,134974,13:00-22:00;,Sun;
1944,134975,08:00-23:30;,Mon;Tue;Wed;Thu;Fri;
1945,134975,08:00-23:30;,Sat;
1946,134975,08:00-20:00;,Sun;
1947,134977,13:00-22:00;,Mon;Tue;Wed;Thu;Fri;
1948,134977,13:00-22:00;,Sat;
1949,134977,13:00-22:00;,Sun;
1950,134978,14:00-22:00;,Mon;Tue;Wed;Thu;Fri;
1951,134978,14:00-22:00;,Sat;
1952,134978,14:00-18:00;,Sun;
1953,134979,11:00-20:00;,Mon;Tue;Wed;Thu;Fri;
1954,134979,11:00-20:00;,Sat;
1955,134979,11:00-20:00;,Sun;
1956,134980,11:00-18:00;,Mon;Tue;Wed;Thu;Fri;
1957,134980,11:00-18:00;,Sat;
1958,134980,11:00-18:00;,Sun;
1959,134981,11:00-20:00;,Mon;Tue;Wed;Thu;Fri;
1960,134981,11:00-20:00;,Sat;
1961,134981,11:00-20:00;,Sun;
1962,134982,14:00-23:30;,Mon;Tue;Wed;Thu;Fri;
1963,134982,14:00-23:30;,Sat;
1964,134982,14:00-23:30;,Sun;
1965,134983,13:00-23:30;,Mon;Tue;Wed;Thu;Fri;
1966,134983,13:00-23:30;,Sat;
1967,134983,13:00-19:00;,Sun;
1968,134984,14:00-23:30;,Mon;Tue;Wed;Thu;Fri;
1969,134984,14:00-23:30;,Sat;
1970,134984,14:00-21:00;,Sun;
1971,134985,09:30-23:30;,Mon;Tue;Wed;Thu;Fri;
1972,134985,09:30-23:30;,Sat;
1973,134985,09:30-23:30;,Sun;
1974,134986,00:00-23:30;,Mon;Tue;Wed;Thu;Fri;
1975,134986,00:00-23:30;,Sat;
1976,134986,00:00-23:30;,Sun;
1977,134987,13:00-23:00;,Mon;Tue;Wed;Thu;Fri;
1978,134987,12:00-23:30;,Sat;
1979,134987,12:00-22:00;,Sun;
1980,134988,00:00-23:30;,Mon;Tue;Wed;Thu;Fri;
1981,134988,00:00-23:30;,Sat;
1982,134988,00:00-23:30;,Sun;
1983,134989,13:30-22:00;,Mon;Tue;Wed;Thu;Fri;
1984,134989,13:30-23:30;,Sat;
1985,134989,13:30-20:00;,Sun;
1986,134990,12:00-23:30;,Mon;Tue;Wed;Thu;Fri;
1987,134990,12:00-23:30;,Sat;
1988,134990,14:00-23:30;,Sun;
1989,134991,07:30-23:30;,Mon;Tue;Wed;Thu;Fri;
1990,134991,07:30-23:30;,Sat;
1991,134991,08:00-18:00;,Sun;
1992,134992,08:00-21:30;,Mon;Tue;Wed;Thu;Fri;
1993,134992,08:00-21:30;,Sat;
1994,134992,00:00-00:00;,Sun;
1995,134993,13:00-23:00;,Mon;Tue;Wed;Thu;Fri;
1996,134993,12:00-23:30;,Sat;
1997,134993,12:00-22:00;,Sun;
1998,134994,07:00-23:00;,Mon;Tue;Wed;Thu;Fri;
1999,134994,07:00-23:00;,Sat;
2000,134994,07:00-23:00;,Sun;
2001,134995,08:00-18:00;,Mon;Tue;Wed;Thu;Fri;
2002,134995,09:00-15:00;,Sat;
2003,134995,00:00-00:00;,Sun;
2004,134996,07:00-23:00;,Mon;Tue;Wed;Thu;Fri;
2005,134996,07:00-23:00;,Sat;
2006,134996,07:00-23:00;,Sun;
2007,134997,11:00-21:30;,Mon;Tue;Wed;Thu;Fri;
2008,134997,11:00-21:30;,Sat;
2009,134997,11:00-21:30;,Sun;
2010,134998,12:00-18:00;,Mon;Tue;Wed;Thu;Fri;
2011,134998,12:00-18:00;,Sat;
2012,134998,12:00-18:00;,Sun;
2013,134999,11:00-21:00;,Mon;Tue;Wed;Thu;Fri;
2014,134999,11:00-21:00;,Sat;
2015,134999,11:00-21:00;,Sun;
2016,135000,07:30-18:00;,Mon;Tue;Wed;Thu;Fri;
2017,135000,07:30-18:00;,Sat;
2018,135000,07:30-18:00;,Sun;
2019,135001,07:00-23:30;,Mon;Tue;Wed;Thu;Fri;
2020,135001,07:00-23:30;,Sat;
2021,135001,07:00-23:30;,Sun;
2022,135002,12:00-20:00;,Mon;Tue;Wed;Thu;Fri;
2023,135002,12:00-20:00;,Sat;
2024,135002,11:30-20:00;,Sun;
2025,135003,12:00-20:00;,Mon;Tue;Wed;Thu;Fri;
2026,135003,12:00-20:00;,Sat;
2027,135003,12:00-20:00;,Sun;
2028,135004,12:00-23:30;,Mon;Tue;Wed;Thu;Fri;
2029,135004,12:00-23:30;,Sat;
2030,135004,12:00-23:30;,Sun;
2031,135005,08:30-21:00;,Mon;Tue;Wed;Thu;Fri;
2032,135005,08:30-21:00;,Sat;
2033,135005,08:30-21:00;,Sun;
2034,135006,12:30-20:30;,Mon;Tue;Wed;Thu;Fri;
2035,135006,12:30-20:30;,Sat;
2036,135006,12:30-19:00;,Sun;
2037,135007,13:00-18:00;,Mon;Tue;Wed;Thu;Fri;
2038,135007,13:00-23:00;,Sat;
2039,135007,13:00-19:00;,Sun;
2040,135008,07:30-23:30;,Mon;Tue;Wed;Thu;Fri;
2041,135008,07:30-23:30;,Sat;
2042,135008,07:30-23:30;,Sun;
2043,135009,00:00-00:00;,Mon;Tue;Wed;Thu;Fri;
2044,135009,00:00-00:00;,Sat;
2045,135009,00:00-00:00;,Sun;
2046,135010,00:00-00:00;,Mon;Tue;Wed;Thu;Fri;
2047,135010,00:00-00:00;,Sat;
2048,135010,00:00-00:00;,Sun;
2049,135011,00:00-00:00;,Mon;Tue;Wed;Thu;Fri;
2050,135011,00:00-00:00;,Sat;
2051,135011,00:00-00:00;,Sun;
2052,135012,00:00-00:00;,Mon;Tue;Wed;Thu;Fri;
2053,135012,00:00-00:00;,Sat;
2054,135012,00:00-00:00;,Sun;
2055,135013,13:00-22:00;,Mon;Tue;Wed;Thu;Fri;
2056,135013,00:00-00:00;,Sat;
2057,135013,00:00-00:00;,Sun;
2058,135014,00:00-00:00;,Mon;Tue;Wed;Thu;Fri;
2059,135014,00:00-00:00;,Sat;
2060,135014,00:00-00:00;,Sun;
2061,135015,00:00-00:00;,Mon;Tue;Wed;Thu;Fri;
2062,135015,00:00-00:00;,Sat;
2063,135015,00:00-00:00;,Sun;
2064,135016,00:00-00:00;,Mon;Tue;Wed;Thu;Fri;
2065,135016,00:00-00:00;,Sat;
2066,135016,00:00-00:00;,Sun;
2067,135017,00:00-00:00;,Mon;Tue;Wed;Thu;Fri;
2068,135017,00:00-00:00;,Sat;
2069,135017,00:00-00:00;,Sun;
2070,135018,00:00-00:00;,Mon;Tue;Wed;Thu;Fri;
2071,135018,00:00-00:00;,Sat;
2072,135018,00:00-00:00;,Sun;
2073,135019,00:00-00:00;,Mon;Tue;Wed;Thu;Fri;
2074,135019,00:00-00:00;,Sat;
2075,135019,00:00-00:00;,Sun;
2076,135020,08:00-21:00;,Mon;Tue;Wed;Thu;Fri;
2077,135020,08:00-21:00;,Sat;
2078,135020,08:00-21:00;,Sun;
2079,135021,00:00-23:30;,Mon;Tue;Wed;Thu;Fri;
2080,135021,00:00-23:30;,Sat;
2081,135021,00:00-23:30;,Sun;
2082,135022,00:00-00:00;,Mon;Tue;Wed;Thu;Fri;
2083,135022,00:00-00:00;,Sat;
2084,135022,00:00-00:00;,Sun;
2085,135023,00:00-00:00;,Mon;Tue;Wed;Thu;Fri;
2086,135023,00:00-00:00;,Sat;
2087,135023,00:00-00:00;,Sun;
2088,135024,00:00-00:00;,Mon;Tue;Wed;Thu;Fri;
2089,135024,00:00-00:00;,Sat;
2090,135024,00:00-00:00;,Sun;
2091,135025,18:00-23:30;,Mon;Tue;Wed;Thu;Fri;
2092,135025,14:00-23:30;,Sat;
2093,135025,00:00-00:00;,Sun;
2094,135026,13:30-23:30;,Mon;Tue;Wed;Thu;Fri;
2095,135026,13:30-23:30;,Sat;
2096,135026,00:00-00:00;,Sun;
2097,135027,08:00-22:00;,Mon;Tue;Wed;Thu;Fri;
2098,135027,08:00-23:00;,Sat;
2099,135027,08:00-19:00;,Sun;
2100,135028,13:00-23:30;,Mon;Tue;Wed;Thu;Fri;
2101,135028,13:00-23:30;,Sat;
2102,135028,13:00-19:00;,Sun;
2103,135029,13:00-22:00;,Mon;Tue;Wed;Thu;Fri;
2104,135029,13:00-22:00;,Sat;
2105,135029,13:00-22:00;,Sun;
2106,135030,00:00-00:00;,Mon;Tue;Wed;Thu;Fri;
2107,135030,00:00-00:00;,Sat;
2108,135030,00:00-00:00;,Sun;
2109,135031,07:00-19:00;,Mon;Tue;Wed;Thu;Fri;
2110,135031,07:00-19:00;,Sat;
2111,135031,07:00-19:00;,Sun;
2112,135032,07:00-23:30;,Mon;Tue;Wed;Thu;Fri;
2113,135032,07:00-23:30;,Sat;
2114,135032,07:00-23:30;,Sun;
2115,135033,09:00-21:00;,Mon;Tue;Wed;Thu;Fri;
2116,135033,09:00-21:00;,Sat;
2117,135033,09:00-21:00;,Sun;
2118,135034,13:30-23:00;,Mon;Tue;Wed;Thu;Fri;
2119,135034,13:30-23:00;,Sat;
2120,135034,13:30-19:00;,Sun;
2121,135035,13:30-23:30;,Mon;Tue;Wed;Thu;Fri;
2122,135035,13:30-23:30;,Sat;
2123,135035,13:30-18:30;,Sun;
2124,135036,12:00-23:30;,Mon;Tue;Wed;Thu;Fri;
2125,135036,12:00-23:30;,Sat;
2126,135036,12:00-23:30;,Sun;
2127,135037,13:30-22:00;,Mon;Tue;Wed;Thu;Fri;
2128,135037,13:30-22:00;,Sat;
2129,135037,13:30-22:00;,Sun;
2130,135038,08:00-17:00;,Mon;Tue;Wed;Thu;Fri;
2131,135038,08:00-17:00;,Sat;
2132,135038,00:00-00:00;,Sun;
2133,135039,10:00-20:00;,Mon;Tue;Wed;Thu;Fri;
2134,135039,10:00-20:00;,Sat;
2135,135039,10:00-20:00;,Sun;
2136,135040,08:00-23:30;,Mon;Tue;Wed;Thu;Fri;
2137,135040,08:00-23:30;,Sat;
2138,135040,08:00-23:30;,Sun;
2139,135041,00:00-00:00;,Mon;Tue;Wed;Thu;Fri;
2140,135041,00:00-00:00;,Sat;
2141,135041,00:00-00:00;,Sun;
2142,135042,11:00-21:30;,Mon;Tue;Wed;Thu;Fri;
2143,135042,11:00-21:30;,Sat;
2144,135042,11:00-21:30;,Sun;
2145,135043,00:00-00:00;,Mon;Tue;Wed;Thu;Fri;
2146,135043,00:00-00:00;,Sat;
2147,135043,00:00-00:00;,Sun;
2148,135044,13:00-22:30;,Mon;Tue;Wed;Thu;Fri;
2149,135044,13:00-22:30;,Sat;
2150,135044,13:00-22:30;,Sun;
2151,135045,13:00-23:30;,Mon;Tue;Wed;Thu;Fri;
2152,135045,13:00-23:30;,Sat;
2153,135045,13:00-19:00;,Sun;
2154,135046,08:30-21:00;,Mon;Tue;Wed;Thu;Fri;
2155,135046,08:30-21:00;,Sat;
2156,135046,08:30-21:00;,Sun;
2157,135047,08:00-23:30;,Mon;Tue;Wed;Thu;Fri;
2158,135047,08:00-23:30;,Sat;
2159,135047,08:00-22:00;,Sun;
2160,135048,11:00-22:30;,Mon;Tue;Wed;Thu;Fri;
2161,135048,11:00-22:30;,Sat;
2162,135048,11:00-22:30;,Sun;
2163,135049,12:00-20:00;,Mon;Tue;Wed;Thu;Fri;
2164,135049,12:00-20:00;,Sat;
2165,135049,12:00-20:00;,Sun;
2166,135050,12:00-19:30;,Mon;Tue;Wed;Thu;Fri;
2167,135050,12:00-19:30;,Sat;
2168,135050,12:00-19:30;,Sun;
2169,135051,08:00-23:30;,Mon;Tue;Wed;Thu;Fri;
2170,135051,08:00-23:30;,Sat;
2171,135051,00:00-00:00;,Sun;
2172,135052,08:00-23:30;,Mon;Tue;Wed;Thu;Fri;
2173,135052,08:00-23:30;,Sat;
2174,135052,08:00-23:30;,Sun;
2175,135053,11:00-22:00;,Mon;Tue;Wed;Thu;Fri;
2176,135053,11:00-22:00;,Sat;
2177,135053,11:00-22:00;,Sun;
2178,135054,07:00-19:00;,Mon;Tue;Wed;Thu;Fri;
2179,135054,07:00-19:00;,Sat;
2180,135054,07:00-19:00;,Sun;
2181,135055,14:00-22:00;,Mon;Tue;Wed;Thu;Fri;
2182,135055,14:00-22:00;,Sat;
2183,135055,14:00-20:30;,Sun;
2184,135056,00:00-00:00;,Mon;Tue;Wed;Thu;Fri;
2185,135056,00:00-00:00;,Sat;
2186,135056,00:00-00:00;,Sun;
2187,135057,13:00-23:00;,Mon;Tue;Wed;Thu;Fri;
2188,135057,13:00-23:00;,Sat;
2189,135057,13:00-23:00;,Sun;
2190,135058,13:00-23:00;,Mon;Tue;Wed;Thu;Fri;
2191,135058,13:00-23:00;,Sat;
2192,135058,13:00-23:00;,Sun;
2193,135059,12:00-23:30;,Mon;Tue;Wed;Thu;Fri;
2194,135059,12:00-23:30;,Sat;
2195,135059,12:00-23:30;,Sun;
2196,135060,11:30-19:00;,Mon;Tue;Wed;Thu;Fri;
2197,135060,11:30-19:00;,Sat;
2198,135060,11:30-19:00;,Sun;
2199,135061,07:00-23:00;,Mon;Tue;Wed;Thu;Fri;
2200,135061,07:00-23:00;,Sat;
2201,135061,07:00-23:00;,Sun;
2202,135062,00:00-23:30;,Mon;Tue;Wed;Thu;Fri;
2203,135062,00:00-23:30;,Sat;
2204,135062,00:00-23:30;,Sun;
2205,135063,08:30-19:30;,Mon;Tue;Wed;Thu;Fri;
2206,135063,08:30-19:30;,Sat;
2207,135063,09:00-15:00;,Sun;
2208,135064,07:00-22:30;,Mon;Tue;Wed;Thu;Fri;
2209,135064,07:00-22:30;,Sat;
2210,135064,07:00-22:30;,Sun;
2211,135065,14:00-23:30;,Mon;Tue;Wed;Thu;Fri;
2212,135065,14:00-23:30;,Sat;
2213,135065,14:00-18:00;,Sun;
2214,135066,07:00-23:00;,Sat;
2215,135066,07:00-23:00;,Mon;Tue;Wed;Thu;Fri;
2216,135066,07:00-23:00;,Sun;
2217,135067,12:00-23:00;,Mon;Tue;Wed;Thu;Fri;
2218,135067,12:00-23:00;,Sat;
2219,135067,12:00-23:00;,Sun;
2220,135068,12:00-23:30;,Mon;Tue;Wed;Thu;Fri;
2221,135068,12:00-23:30;,Sat;
2222,135068,00:00-00:00;,Sun;
2223,135069,09:00-23:30;,Mon;Tue;Wed;Thu;Fri;
2224,135069,09:00-23:30;,Sat;
2225,135069,09:00-23:30;,Sun;
2226,135070,07:00-23:00;,Mon;Tue;Wed;Thu;Fri;
2227,135070,07:00-23:00;,Sat;
2228,135070,07:00-23:00;,Sun;
2229,135071,13:00-23:30;,Mon;Tue;Wed;Thu;Fri;
2230,135071,13:00-23:30;,Sat;
2231,135071,13:00-20:00;,Sun;
2232,135072,13:00-23:00;,Mon;Tue;Wed;Thu;Fri;
2233,135072,13:00-23:30;,Sat;
2234,135072,13:00-22:00;,Sun;
2235,135073,09:30-23:30;,Mon;Tue;Wed;Thu;Fri;
2236,135073,09:30-23:30;,Sat;
2237,135073,00:00-00:00;,Sun;
2238,135074,07:00-23:30;,Mon;Tue;Wed;Thu;Fri;
2239,135074,07:00-23:30;,Sat;
2240,135074,07:00-23:30;,Sun;
2241,135075,00:00-23:30;,Mon;Tue;Wed;Thu;Fri;
2242,135075,00:00-23:30;,Sat;
2243,135075,00:00-23:30;,Sun;
2244,135076,12:00-23:30;,Mon;Tue;Wed;Thu;Fri;
2245,135076,12:00-23:30;,Sat;
2246,135076,12:00-23:30;,Sun;
2247,135077,06:00-18:00;,Mon;Tue;Wed;Thu;Fri;
2248,135077,00:00-00:00;,Sat;
2249,135077,00:00-23:30;,Sun;
2250,135078,14:00-20:00;,Mon;Tue;Wed;Thu;Fri;
2251,135078,14:00-20:00;,Sat;
2252,135078,14:00-20:00;,Sun;
2253,135079,13:00-22:30;,Mon;Tue;Wed;Thu;Fri;
2254,135079,13:30-22:30;,Sat;
2255,135079,13:30-22:30;,Sun;
2256,135080,14:00-23:30;,Mon;Tue;Wed;Thu;Fri;
2257,135080,14:00-23:30;,Sat;
2258,135080,14:00-23:30;,Sun;
2259,135081,14:00-23:30;,Mon;Tue;Wed;Thu;Fri;
2260,135081,14:00-23:30;,Sat;
2261,135081,14:00-23:30;,Sun;
2262,135082,10:00-18:00;,Mon;Tue;Wed;Thu;Fri;
2263,135082,10:00-18:00;,Sat;
2264,135082,10:00-18:00;,Sun;
2265,135084,11:00-23:00;,Mon;Tue;Wed;Thu;Fri;
2266,135084,11:00-23:00;,Sat;
2267,135084,11:00-23:00;,Sun;
2268,135085,00:00-00:00;,Mon;Tue;Wed;Thu;Fri;
2269,135085,00:00-00:00;,Sat;
2270,135085,00:00-00:00;,Sun;
2271,135086,08:00-23:00;,Mon;Tue;Wed;Thu;Fri;
2272,135086,08:00-23:00;,Sat;
2273,135086,08:00-23:00;,Sun;
2274,135088,09:00-16:00;,Mon;Tue;Wed;Thu;Fri;
2275,135088,00:00-00:00;,Sat;
2276,135088,00:00-00:00;,Sun;
2277,135089,13:00-20:00;,Mon;Tue;Wed;Thu;Fri;
2278,135089,13:00-20:00;,Sat;
2279,135089,13:00-20:00;,Sun;
2280,135090,07:00-00:00;,Mon;Tue;Wed;Thu;Fri;
2281,135090,07:00-00:00;,Sat;
2282,135090,07:00-00:00;,Sun;
2283,135091,11:00-21:00;,Mon;Tue;Wed;Thu;Fri;
2284,135091,11:00-21:00;,Sat;
2285,135091,11:00-21:00;,Sun;
2286,135092,09:00-17:00;,Mon;Tue;Wed;Thu;Fri;
2287,135092,09:00-13:00;,Sat;
2288,135092,00:00-23:30;,Sun;
2289,135093,12:00-22:00;,Mon;Tue;Wed;Thu;Fri;
2290,135093,12:00-22:00;,Sat;
2291,135093,12:00-22:00;,Sun;
2292,135094,11:00-23:30;,Mon;Tue;Wed;Thu;Fri;
2293,135094,11:00-23:30;,Sat;
2294,135094,11:00-22:00;,Sun;
2295,135097,10:00-23:30;,Mon;Tue;Wed;Thu;Fri;
2296,135097,10:00-23:30;,Sat;
2297,135097,11:00-23:30;,Sun;
2298,135098,13:00-23:30;,Mon;Tue;Wed;Thu;Fri;
2299,135098,13:00-00:30;,Sat;
2300,135098,13:00-01:00;,Sun;
2301,135099,13:00-23:00;,Mon;Tue;Wed;Thu;Fri;
2302,135099,13:00-00:00;,Sat;
2303,135099,13:00-22:00;,Sun;
2304,135100,14:00-23:30;,Mon;Tue;Wed;Thu;Fri;
2305,135100,14:00-23:30;,Sat;
2306,135100,14:00-23:30;,Sun;
2307,135101,13:00-08:00;,Mon;Tue;Wed;Thu;Fri;
2308,135101,13:00-08:00;,Sat;
2309,135101,13:00-08:00;,Sun;
2310,135102,09:00-23:00;,Mon;Tue;Wed;Thu;Fri;
2311,135102,09:00-01:00;,Sat;
2312,135102,09:00-22:00;,Sun;
2313,135103,12:00-22:00;,Mon;Tue;Wed;Thu;Fri;
2314,135103,12:00-23:00;,Sat;
2315,135103,12:00-22:00;,Sun;
2316,135104,00:00-23:30;,Mon;Tue;Wed;Thu;Fri;
2317,135104,00:00-23:30;,Sat;
2318,135104,00:00-23:30;,Sun;
2319,135105,00:00-23:30;,Mon;Tue;Wed;Thu;Fri;
2320,135105,20:30-23:30;,Sat;
2321,135105,00:00-23:30;,Sun;
2322,135106,18:00-23:30;,Mon;Tue;Wed;Thu;Fri;
2323,135106,18:00-23:30;,Sat;
2324,135106,18:00-21:00;,Sun;
2325,135107,07:00-23:30;,Mon;Tue;Wed;Thu;Fri;
2326,135107,07:00-23:30;,Sat;
2327,135107,07:00-23:30;,Sun;
2328,135108,00:00-23:30;,Mon;Tue;Wed;Thu;Fri;
2329,135108,00:00-23:30;,Sat;
2330,135108,00:00-23:30;,Sun;
2331,135109,08:00-21:00;,Mon;Tue;Wed;Thu;Fri;
2332,135109,08:00-21:00;,Sat;
2333,135109,08:00-21:00;,Sun;
2334,135110,08:00-19:00;,Mon;Tue;Wed;Thu;Fri;
2335,135110,00:00-00:00;,Sat;
2336,135110,00:00-00:00;,Sun;
2337,135111,00:00-23:30;,Mon;Tue;Wed;Thu;Fri;
2338,135111,00:00-23:30;,Sat;
2339,135111,00:00-23:30;,Sun;