id,placeID,latitude,longitude,alcohol,smoking_area,dress_code,accessibility,price,Rambience,franchise,area,cuisine,parking_lot
1,132001,23.7523041,-99.1669133,0,2,0,0,1,0,0,1,44,5
2,132002,23.726819,-99.1265059,0,0,0,1,1,0,0,0,19,6
3,132003,23.7309245,-99.1451848,0,0,0,1,1,0,0,0,17,2
4,132004,22.1416471,-100.9927118,0,4,0,1,1,0,0,0,19,5
5,132005,18.9222904,-99.234332,0,4,0,2,1,0,1,0,45,6
6,132005,23.7523648,-99.1652879,0,4,0,1,0,0,1,0,19,5
7,132006,23.7521677,-99.165709,0,4,0,1,1,0,0,1,44,1
8,132007,23.7588052,-99.1651297,0,2,0,1,1,1,1,1,21,5
9,132008,23.7602683,-99.1658646,0,4,0,1,1,1,1,0,17,2
10,132009,23.7529035,-99.165076,0,2,0,1,0,0,1,0,17,1
11,132010,23.7375834,-99.1351318,0,0,0,1,0,0,1,0,21,2
12,132010,23.7529305,-99.1644725,0,0,0,1,1,0,0,0,44,6
13,132012,23.7355234,-99.1295877,0,0,0,1,1,0,0,0,45,2
14,132012,23.7529428,-99.1646791,0,0,0,1,1,0,0,0,44,1
15,132013,23.7525107,-99.1669536,0,0,0,1,1,0,0,0,17,5
16,132014,23.7367977,-99.1342413,0,0,0,1,1,0,0,0,44,5
17,132015,23.7526973,-99.1633594,0,0,0,1,1,0,1,0,44,5
18,132016,23.738212,-99.1519547,0,0,0,1,1,0,0,0,17,6
19,132017,23.7292162,-99.1323571,0,4,0,0,0,0,1,0,44,1
20,132018,23.7324226,-99.1586602,0,0,0,0,1,1,0,1,44,1
21,132019,23.7318602,-99.1504365,0,4,0,2,0,0,0,0,44,4
22,132020,22.1489337,-101.019845,2,3,0,1,0,0,0,0,17,5
23,132021,23.7543569,-99.171288,0,0,1,1,1,0,0,1,44,2
24,132022,23.7527071,-99.1625655,0,4,0,1,0,0,1,0,44,5
25,132023,23.7521965,-99.1666317,0,2,0,1,1,0,0,1,45,6
26,132023,22.1477379,-100.9906163,0,0,0,2,0,0,0,0,44,5
27,132024,22.153324,-101.0195459,0,0,0,2,0,0,0,0,19,6
28,132024,18.9101777,-99.2315438,1,0,0,0,0,0,0,0,52,5
29,132025,18.8820871,-99.1630268,1,2,1,2,0,0,0,1,44,1
30,132026,18.9257734,-99.2326355,0,4,1,2,0,0,1,0,44,4
31,132028,18.8699929,-99.2103195,1,2,0,0,1,0,0,1,6,8
32,132028,22.1473922,-100.983092,0,0,0,1,1,0,0,1,19,2
33,132030,22.1508494,-100.9397522,0,0,0,1,1,0,0,0,45,2
34,132030,22.156469,-100.98554,0,4,1,0,1,0,0,0,44,5
35,132031,22.1262926,-100.9007764,0,0,0,0,0,0,0,0,4,4
36,132031,22.1422732,-100.9426537,0,2,1,0,1,0,0,1,46,8
37,132031,22.1443365,-100.9373825,0,0,0,0,1,0,0,1,61,2
38,132083,22.136872,-100.9345736,0,4,0,1,1,0,0,0,17,5
39,132087,22.1378633,-100.9383273,1,0,0,1,0,0,0,0,20,5
40,132092,22.1513782,-100.9746337,1,0,0,1,1,0,0,0,4,2
41,132094,22.1312917,-100.9371941,0,0,0,1,1,0,0,0,33,5
42,132096,22.1480965,-101.0173023,0,4,0,1,0,0,1,0,44,1
43,132097,22.1506429,-100.9870148,1,0,1,1,2,0,0,0,20,1
44,132098,22.1412198,-100.9313107,0,4,0,1,0,0,0,0,44,2
45,132100,22.1412384,-100.9239252,0,4,0,0,0,0,0,0,5,8
46,132100,22.1430781,-100.9354788,0,4,0,0,1,0,0,0,10,6
47,132101,22.1735955,-100.9946027,0,4,0,2,0,0,0,0,5,5
48,132101,22.1499013,-100.9937793,1,3,0,0,2,0,1,1,10,5
49,132102,22.1353639,-100.9349477,0,0,0,1,1,0,0,0,20,5
50,132103,22.1395776,-101.0278863,0,0,0,1,1,0,0,0,6,6
51,132105,22.1795169,-100.9584358,0,0,0,1,1,0,0,0,45,2
52,132106,22.150305,-100.9891337,1,3,1,1,1,1,0,1,29,6
53,132107,22.1511348,-100.9823115,0,2,2,1,0,0,0,0,3,2
54,132108,22.1534997,-100.976243,1,4,0,1,0,0,0,0,3,2
55,132108,22.1500193,-100.9799203,2,3,0,1,1,1,0,0,25,5
56,132108,22.1544736,-100.9858091,0,4,1,1,1,0,0,0,32,5
57,132109,22.1603808,-100.9880447,0,4,0,2,0,0,1,0,29,6
58,132109,22.147622,-101.0102749,1,0,0,1,1,0,1,0,60,5
59,132114,22.1449787,-101.0056829,0,0,0,1,1,1,1,0,20,5
60,132115,18.940828,-99.215426,2,3,0,1,2,0,0,0,26,5
61,132116,18.916654,-99.22711,0,0,0,0,1,0,0,0,26,2
62,132118,18.948657,-99.235361,2,3,0,0,2,0,0,0,29,5
63,132119,18.928798,-99.239513,1,0,2,0,2,0,0,0,29,0
64,132120,18.932725,-99.225211,1,0,0,0,0,0,0,0,26,0
65,132121,18.936683,-99.247366,1,3,1,0,2,0,0,0,6,6
66,132125,18.923429,-99.216413,1,1,0,0,0,0,1,0,4,5
67,132125,18.915421,-99.184871,0,0,0,0,0,0,0,0,2,6
68,132126,18.870565,-99.226938,0,0,0,0,0,0,0,0,4,5
69,132126,18.941859,-99.241927,1,0,0,1,0,0,1,0,2,1
70,132127,18.91061,-99.169539,0,0,0,0,0,0,1,0,55,6
71,132128,18.917441,-99.165945,0,0,0,0,1,0,0,0,29,2
72,132128,18.869347,-99.209944,0,0,0,0,0,0,0,0,22,1
73,132130,18.859803,-99.222164,2,2,0,1,0,0,0,1,59,1
74,132131,18.875011,-99.159422,0,0,0,1,1,0,0,0,6,2
75,132132,18.933537,-99.222497,0,4,0,0,1,0,1,0,33,5
76,132133,22.14955,-100.97797,0,0,0,0,0,0,0,0,3,6
77,132136,22.148665,-101.001273,2,0,0,0,2,0,0,0,33,2
78,132137,22.147145,-100.974494,1,0,0,0,0,0,0,0,33,5
79,132137,22.146658,-100.987219,1,0,0,0,0,0,0,0,30,6
80,132138,22.14788,-100.989472,0,0,0,0,0,1,0,0,34,2
81,132145,22.152481,-100.973486,1,3,0,0,0,0,0,0,30,2
82,132146,22.14161,-100.973142,0,3,0,0,0,0,0,0,30,5
83,132147,22.140517,-101.021422,0,0,0,0,0,0,0,0,33,5
84,132147,22.145813,-101.018032,0,3,0,0,2,0,0,0,30,5
85,132155,22.155651,-100.977767,0,3,0,0,0,0,0,0,45,2
86,132155,22.145893,-100.97487,0,3,0,0,1,0,0,0,21,5
87,132156,22.135617,-100.969709,1,0,0,0,2,0,0,0,44,2
88,132157,22.15106,-100.977659,1,0,0,0,0,0,0,0,53,0
89,132159,22.159357,-100.973411,0,0,0,0,0,0,0,0,45,0
90,132160,22.185756,-100.944518,0,0,0,0,0,0,0,0,44,0
91,132161,22.141848,-100.997475,0,0,0,0,0,0,0,0,45,0
92,132161,22.151189,-100.98179,1,0,1,0,2,0,0,0,17,0
93,132162,22.141282,-101.002958,0,0,0,0,0,0,0,0,17,0
94,132163,22.150921,-100.993828,1,3,0,0,2,0,0,0,20,0
95,132164,22.142017,-100.999246,1,0,0,0,2,0,0,0,17,0
96,132165,22.135011,-101.0286,0,0,0,0,0,0,0,0,17,0
97,132166,22.174887,-100.970825,1,0,0,0,2,0,0,0,45,0
98,132166,22.151189,-100.977058,0,3,0,0,1,0,0,0,17,0
99,132166,22.150981,-100.977412,2,0,0,0,2,0,0,0,44,1
100,132167,22.178931,-101.012861,0,3,0,0,2,0,0,0,10,0
101,132171,22.140626,-100.915657,0,0,0,0,2,0,0,0,26,1
102,132171,22.148854,-101.008472,0,3,0,0,2,0,0,0,14,1
103,132174,22.145992,-100.955118,1,3,0,0,0,0,0,0,14,0
104,132175,22.165587,-101.001273,0,0,0,0,0,0,1,0,14,0
105,132177,22.145108,-100.989547,1,3,0,0,0,0,0,0,58,0
106,132177,22.156883,-100.978485,0,0,0,0,0,0,0,0,20,0
107,132177,22.153703,-100.979033,0,0,0,0,0,0,0,0,30,0
108,132180,22.156724,-100.975556,0,0,0,0,0,0,0,0,6,0
109,132182,22.154687,-100.996617,0,0,0,0,2,0,0,0,6,1
110,132182,22.14958,-100.999557,1,3,0,0,2,0,0,0,52,0
111,132184,22.16835,-100.972466,1,3,0,0,2,0,0,0,6,1
112,132184,22.140129,-100.944872,1,0,0,0,1,0,0,0,21,1
113,132186,22.152918,-100.915164,0,0,0,0,0,0,0,0,33,1
114,132186,22.126375,-100.910926,2,3,0,0,0,0,0,0,6,2
115,132187,22.149192,-101.002936,0,0,0,0,0,0,0,0,20,2
116,132187,22.147175,-100.974269,1,3,0,0,2,0,0,0,10,1
117,132191,22.149689,-100.999525,1,3,0,0,2,0,0,0,43,1
118,132192,22.139573,-100.991564,0,0,0,0,0,0,0,0,44,0
119,132201,22.181017,-100.973614,1,0,0,0,2,0,0,0,45,0
120,132203,22.156376,-100.998355,0,0,0,0,2,0,0,0,44,2
121,132204,22.145008,-100.997969,0,3,0,0,2,0,0,0,17,2
122,132206,22.164842,-100.960493,0,0,0,0,0,0,0,0,17,0
123,132207,22.151448,-100.915099,0,0,0,0,0,0,0,0,17,0
124,132207,22.150802,-100.98268,0,4,0,0,0,0,0,0,6,2
125,132208,22.141421,-101.013955,0,4,0,0,0,0,1,0,44,1
126,132209,18.8760113,-99.2198896,0,4,0,0,1,1,0,0,14,2
127,132210,23.7529821,-99.1684341,2,4,0,1,0,0,1,0,14,2
128,132211,22.1497088,-100.9760928,1,1,0,2,0,0,0,1,45,2
129,132212,22.1362534,-100.9335852,0,0,0,1,1,0,0,0,45,2
130,132213,18.9217848,-99.2353499,1,4,0,0,0,1,0,0,20,1
131,132214,23.7523041,-99.1669133,0,2,0,0,1,0,0,1,5,0
132,132214,23.726819,-99.1265059,0,0,0,1,1,0,0,0,10,2
133,132215,23.7309245,-99.1451848,0,0,0,1,1,0,0,0,44,0
134,132216,22.1416471,-100.9927118,0,4,0,1,1,0,0,0,33,0
135,132216,18.9222904,-99.234332,0,4,0,2,1,0,1,0,6,2
136,132217,23.7523648,-99.1652879,0,4,0,1,0,0,1,0,33,1
137,132217,23.7521677,-99.165709,0,4,0,1,1,0,0,1,6,1
138,132218,23.7588052,-99.1651297,0,2,0,1,1,1,1,1,44,1
139,132220,23.7602683,-99.1658646,0,4,0,1,1,1,1,0,45,1
140,132221,23.7529035,-99.165076,0,2,0,1,0,0,1,0,5,1
141,132223,23.7375834,-99.1351318,0,0,0,1,0,0,1,0,34,0
142,132223,23.7529305,-99.1644725,0,0,0,1,1,0,0,0,20,0
143,132223,23.7355234,-99.1295877,0,0,0,1,1,0,0,0,30,1
144,132225,23.7529428,-99.1646791,0,0,0,1,1,0,0,0,14,1
145,132226,23.7525107,-99.1669536,0,0,0,1,1,0,0,0,5,2
146,132226,23.7367977,-99.1342413,0,0,0,1,1,0,0,0,19,1
147,132228,23.7526973,-99.1633594,0,0,0,1,1,0,1,0,57,2
148,132228,23.738212,-99.1519547,0,0,0,1,1,0,0,0,6,0
149,132229,23.7292162,-99.1323571,0,4,0,0,0,0,1,0,6,1
150,132230,23.7324226,-99.1586602,0,0,0,0,1,1,0,1,6,0
151,132231,23.7318602,-99.1504365,0,4,0,2,0,0,0,0,6,1
152,132232,22.1489337,-101.019845,2,3,0,1,0,0,0,0,6,1
153,132233,23.7543569,-99.171288,0,0,1,1,1,0,0,1,6,1
154,132234,23.7527071,-99.1625655,0,4,0,1,0,0,1,0,6,0
155,132235,23.7521965,-99.1666317,0,2,0,1,1,0,0,1,5,1
156,132235,22.1477379,-100.9906163,0,0,0,2,0,0,0,0,7,0
157,132237,22.153324,-101.0195459,0,0,0,2,0,0,0,0,3,0
158,132237,18.9101777,-99.2315438,1,0,0,0,0,0,0,0,19,0
159,132237,18.8820871,-99.1630268,1,2,1,2,0,0,0,1,32,0
160,132238,18.9257734,-99.2326355,0,4,1,2,0,0,1,0,3,0
161,132238,18.8699929,-99.2103195,1,2,0,0,1,0,0,1,32,4
162,132239,22.1473922,-100.983092,0,0,0,1,1,0,0,1,7,1
163,132240,22.1508494,-100.9397522,0,0,0,1,1,0,0,0,5,0
164,132240,22.156469,-100.98554,0,4,1,0,1,0,0,0,10,1
165,132242,22.1262926,-100.9007764,0,0,0,0,0,0,0,0,53,0
166,132243,22.1422732,-100.9426537,0,2,1,0,1,0,0,1,45,1
167,132243,22.1443365,-100.9373825,0,0,0,0,1,0,0,1,6,0
168,132244,22.136872,-100.9345736,0,4,0,1,1,0,0,0,45,0
169,132244,22.1378633,-100.9383273,1,0,0,1,0,0,0,0,46,0
170,132244,22.1513782,-100.9746337,1,0,0,1,1,0,0,0,6,0
171,132245,22.1312917,-100.9371941,0,0,0,1,1,0,0,0,46,1
172,132246,22.1480965,-101.0173023,0,4,0,1,0,0,1,0,6,0
173,132246,22.1506429,-100.9870148,1,0,1,1,2,0,0,0,21,0
174,132247,22.1412198,-100.9313107,0,4,0,1,0,0,0,0,33,0
175,132249,22.1412384,-100.9239252,0,4,0,0,0,0,0,0,17,0
176,132250,22.1430781,-100.9354788,0,4,0,0,1,0,0,0,55,1
177,132253,22.1735955,-100.9946027,0,4,0,2,0,0,0,0,16,0
178,132253,22.1499013,-100.9937793,1,3,0,0,2,0,1,1,43,0
179,132253,22.1353639,-100.9349477,0,0,0,1,1,0,0,0,22,1
180,132255,22.1395776,-101.0278863,0,0,0,1,1,0,0,0,38,0
181,132255,22.1795169,-100.9584358,0,0,0,1,1,0,0,0,10,1
182,132257,22.150305,-100.9891337,1,3,1,1,1,1,0,1,10,0
183,132258,22.1511348,-100.9823115,0,2,2,1,0,0,0,0,16,0
184,132258,22.1534997,-100.976243,1,4,0,1,0,0,0,0,43,1
185,132258,22.1500193,-100.9799203,2,3,0,1,1,1,0,0,19,0
186,132262,22.1544736,-100.9858091,0,4,1,1,1,0,0,0,14,0
187,132265,22.1603808,-100.9880447,0,4,0,2,0,0,1,0,26,0
188,132266,22.147622,-101.0102749,1,0,0,1,1,0,1,0,14,0
189,132268,22.1449787,-101.0056829,0,0,0,1,1,1,1,0,14,0
190,132269,18.940828,-99.215426,2,3,0,1,2,0,0,0,14,0
191,132270,18.916654,-99.22711,0,0,0,0,1,0,0,0,10,0
192,132271,18.948657,-99.235361,2,3,0,0,2,0,0,0,10,0
193,132272,18.928798,-99.239513,1,0,2,0,2,0,0,0,11,0
194,132273,18.932725,-99.225211,1,0,0,0,0,0,0,0,1,0
195,132273,18.936683,-99.247366,1,3,1,0,2,0,0,0,18,0
196,132274,18.923429,-99.216413,1,1,0,0,0,0,1,0,2,0
197,132275,18.915421,-99.184871,0,0,0,0,0,0,0,0,18,0
198,132280,18.870565,-99.226938,0,0,0,0,0,0,0,0,5,0
199,132281,18.941859,-99.241927,1,0,0,1,0,0,1,0,10,0
200,132283,18.91061,-99.169539,0,0,0,0,0,0,1,0,20,0
201,132284,18.917441,-99.165945,0,0,0,0,1,0,0,0,33,0
202,132284,18.869347,-99.209944,0,0,0,0,0,0,0,0,6,0
203,132289,18.859803,-99.222164,2,2,0,1,0,0,0,1,11,0
204,132289,18.875011,-99.159422,0,0,0,1,1,0,0,0,45,0
205,132292,18.933537,-99.222497,0,4,0,0,1,0,1,0,20,0
206,132294,22.14955,-100.97797,0,0,0,0,0,0,0,0,54,2
207,132295,22.148665,-101.001273,2,0,0,0,2,0,0,0,44,2
208,132296,22.147145,-100.974494,1,0,0,0,0,0,0,0,41,1
209,132296,22.146658,-100.987219,1,0,0,0,0,0,0,0,45,1
210,132296,22.14788,-100.989472,0,0,0,0,0,1,0,0,44,1
211,132297,22.152481,-100.973486,1,3,0,0,0,0,0,0,45,1
212,132298,22.14161,-100.973142,0,3,0,0,0,0,0,0,17,1
213,132299,22.140517,-101.021422,0,0,0,0,0,0,0,0,44,1
214,132300,22.145813,-101.018032,0,3,0,0,2,0,0,0,33,0
215,132302,22.155651,-100.977767,0,3,0,0,0,0,0,0,5,1
216,132302,22.145893,-100.97487,0,3,0,0,1,0,0,0,43,0
217,132306,22.135617,-100.969709,1,0,0,0,2,0,0,0,13,1
218,132310,22.15106,-100.977659,1,0,0,0,0,0,0,0,47,1
219,132312,22.159357,-100.973411,0,0,0,0,0,0,0,0,14,1
220,132312,22.185756,-100.944518,0,0,0,0,0,0,0,0,35,0
221,132315,22.141848,-100.997475,0,0,0,0,0,0,0,0,52,1
222,132316,22.151189,-100.98179,1,0,1,0,2,0,0,0,44,2
223,132317,22.141282,-101.002958,0,0,0,0,0,0,0,0,45,1
224,132317,22.150921,-100.993828,1,3,0,0,2,0,0,0,44,2
225,132318,22.142017,-100.999246,1,0,0,0,2,0,0,0,21,1
226,132318,22.135011,-101.0286,0,0,0,0,0,0,0,0,20,1
227,132319,22.174887,-100.970825,1,0,0,0,2,0,0,0,45,2
228,132319,22.151189,-100.977058,0,3,0,0,1,0,0,0,44,2
229,132321,22.150981,-100.977412,2,0,0,0,2,0,0,0,17,0
230,132324,22.178931,-101.012861,0,3,0,0,2,0,0,0,17,2
231,132326,22.140626,-100.915657,0,0,0,0,2,0,0,0,33,2
232,132328,22.148854,-101.008472,0,3,0,0,2,0,0,0,33,2
233,132328,22.145992,-100.955118,1,3,0,0,0,0,0,0,30,2
234,132329,22.165587,-101.001273,0,0,0,0,0,0,1,0,33,0
235,132329,22.145108,-100.989547,1,3,0,0,0,0,0,0,30,2
236,132330,22.156883,-100.978485,0,0,0,0,0,0,0,0,17,2
237,132331,22.153703,-100.979033,0,0,0,0,0,0,0,0,17,2
238,132332,22.156724,-100.975556,0,0,0,0,0,0,0,0,17,2
239,132333,22.154687,-100.996617,0,0,0,0,2,0,0,0,3,0
240,132333,22.14958,-100.999557,1,3,0,0,2,0,0,0,32,0
241,132335,22.16835,-100.972466,1,3,0,0,2,0,0,0,10,0
242,132336,22.140129,-100.944872,1,0,0,0,1,0,0,0,5,0
243,132337,22.152918,-100.915164,0,0,0,0,0,0,0,0,20,2
244,132339,22.126375,-100.910926,2,3,0,0,0,0,0,0,5,0
245,132341,22.149192,-101.002936,0,0,0,0,0,0,0,0,3,0
246,132341,22.147175,-100.974269,1,3,0,0,2,0,0,0,32,0
247,132342,22.149689,-100.999525,1,3,0,0,2,0,0,0,6,0
248,132343,22.139573,-100.991564,0,0,0,0,0,0,0,0,53,2
249,132344,22.181017,-100.973614,1,0,0,0,2,0,0,0,53,2
250,132345,22.156376,-100.998355,0,0,0,0,2,0,0,0,53,1
251,132346,22.145008,-100.997969,0,3,0,0,2,0,0,0,53,0
252,132347,22.164842,-100.960493,0,0,0,0,0,0,0,0,53,1
253,132348,22.151448,-100.915099,0,0,0,0,0,0,0,0,53,1
254,132349,22.150802,-100.98268,0,4,0,0,0,0,0,0,53,1
255,132350,22.141421,-101.013955,0,4,0,0,0,0,1,0,53,0
256,132351,18.8760113,-99.2198896,0,4,0,0,1,1,0,0,53,0
257,132352,23.7529821,-99.1684341,2,4,0,1,0,0,1,0,53,0
258,132353,22.1497088,-100.9760928,1,1,0,2,0,0,0,1,53,0
259,132354,22.1362534,-100.9335852,0,0,0,1,1,0,0,0,53,1
260,132355,18.9217848,-99.2353499,1,4,0,0,0,1,0,0,53,0
261,132356,23.7523041,-99.1669133,0,2,0,0,1,0,0,1,53,2
262,132357,23.726819,-99.1265059,0,0,0,1,1,0,0,0,53,1
263,132358,23.7309245,-99.1451848,0,0,0,1,1,0,0,0,53,2
264,132359,22.1416471,-100.9927118,0,4,0,1,1,0,0,0,53,2
265,132360,18.9222904,-99.234332,0,4,0,2,1,0,1,0,53,2
266,132361,23.7523648,-99.1652879,0,4,0,1,0,0,1,0,53,0
267,132362,23.7521677,-99.165709,0,4,0,1,1,0,0,1,53,2
268,132363,23.7588052,-99.1651297,0,2,0,1,1,1,1,1,53,0
269,132364,23.7602683,-99.1658646,0,4,0,1,1,1,1,0,53,0
270,132365,23.7529035,-99.165076,0,2,0,1,0,0,1,0,53,0
271,132366,23.7375834,-99.1351318,0,0,0,1,0,0,1,0,53,1
272,132367,23.7529305,-99.1644725,0,0,0,1,1,0,0,0,53,2
273,132372,23.7355234,-99.1295877,0,0,0,1,1,0,0,0,53,1
274,132377,23.7529428,-99.1646791,0,0,0,1,1,0,0,0,53,0
275,132380,23.7525107,-99.1669536,0,0,0,1,1,0,0,0,33,0
276,132381,23.7367977,-99.1342413,0,0,0,1,1,0,0,0,33,1
277,132384,23.7526973,-99.1633594,0,0,0,1,1,0,1,0,53,1
278,132386,23.738212,-99.1519547,0,0,0,1,1,0,0,0,53,0
279,132387,23.7292162,-99.1323571,0,4,0,0,0,0,1,0,53,2
280,132389,23.7324226,-99.1586602,0,0,0,0,1,1,0,1,53,0
281,132392,23.7318602,-99.1504365,0,4,0,2,0,0,0,0,11,2
282,132392,22.1489337,-101.019845,2,3,0,1,0,0,0,0,52,6
283,132393,23.7543569,-99.171288,0,0,1,1,1,0,0,1,2,0
284,132396,23.7527071,-99.1625655,0,4,0,1,0,0,1,0,17,0
285,132398,23.7521965,-99.1666317,0,2,0,1,1,0,0,1,44,0
286,132399,22.1477379,-100.9906163,0,0,0,2,0,0,0,0,20,0
287,132402,22.153324,-101.0195459,0,0,0,2,0,0,0,0,45,2
288,132406,18.9101777,-99.2315438,1,0,0,0,0,0,0,0,51,0
289,132407,18.8820871,-99.1630268,1,2,1,2,0,0,0,1,21,2
290,132408,18.9257734,-99.2326355,0,4,1,2,0,0,1,0,44,2
291,132409,18.8699929,-99.2103195,1,2,0,0,1,0,0,1,19,0
292,132410,22.1473922,-100.983092,0,0,0,1,1,0,0,1,10,1
293,132413,22.1508494,-100.9397522,0,0,0,1,1,0,0,0,5,1
294,132413,22.156469,-100.98554,0,4,1,0,1,0,0,0,17,0
295,132414,22.1262926,-100.9007764,0,0,0,0,0,0,0,0,26,0
296,132417,22.1422732,-100.9426537,0,2,1,0,1,0,0,1,6,1
297,132417,22.1443365,-100.9373825,0,0,0,0,1,0,0,1,21,1
298,132419,22.136872,-100.9345736,0,4,0,1,1,0,0,0,6,2
299,132419,22.1378633,-100.9383273,1,0,0,1,0,0,0,0,21,0
300,132421,22.1513782,-100.9746337,1,0,0,1,1,0,0,0,6,1
301,132425,22.1312917,-100.9371941,0,0,0,1,1,0,0,0,22,0
302,132429,22.1480965,-101.0173023,0,4,0,1,0,0,1,0,44,0
303,132430,22.1506429,-100.9870148,1,0,1,1,2,0,0,0,6,2
304,132432,22.1412198,-100.9313107,0,4,0,1,0,0,0,0,20,0
305,132433,22.1412384,-100.9239252,0,4,0,0,0,0,0,0,44,2
306,132434,22.1430781,-100.9354788,0,4,0,0,1,0,0,0,44,2
307,132435,22.1735955,-100.9946027,0,4,0,2,0,0,0,0,44,2
308,132436,22.1499013,-100.9937793,1,3,0,0,2,0,1,1,17,1
309,132437,22.1353639,-100.9349477,0,0,0,1,1,0,0,0,21,4
310,132438,22.1395776,-101.0278863,0,0,0,1,1,0,0,0,21,4
311,132439,22.1795169,-100.9584358,0,0,0,1,1,0,0,0,45,2
312,132439,22.150305,-100.9891337,1,3,1,1,1,1,0,1,44,4
313,132440,22.1511348,-100.9823115,0,2,2,1,0,0,0,0,44,1
314,132441,22.1534997,-100.976243,1,4,0,1,0,0,0,0,44,1
315,132442,22.1500193,-100.9799203,2,3,0,1,1,1,0,0,45,4
316,132442,22.1544736,-100.9858091,0,4,1,1,1,0,0,0,17,4
317,132443,22.1603808,-100.9880447,0,4,0,2,0,0,1,0,45,4
318,132443,22.147622,-101.0102749,1,0,0,1,1,0,1,0,17,4
319,132444,22.1449787,-101.0056829,0,0,0,1,1,1,1,0,44,4
320,132445,18.940828,-99.215426,2,3,0,1,2,0,0,0,20,0
321,132446,18.916654,-99.22711,0,0,0,0,1,0,0,0,45,0
322,132447,18.948657,-99.235361,2,3,0,0,2,0,0,0,17,1
323,132448,18.928798,-99.239513,1,0,2,0,2,0,0,0,44,1
324,132449,18.932725,-99.225211,1,0,0,0,0,0,0,0,20,6
325,132449,18.936683,-99.247366,1,3,1,0,2,0,0,0,44,6
326,132450,18.923429,-99.216413,1,1,0,0,0,0,1,0,44,1
327,132451,18.915421,-99.184871,0,0,0,0,0,0,0,0,6,0
328,132452,18.870565,-99.226938,0,0,0,0,0,0,0,0,50,0
329,132453,18.941859,-99.241927,1,0,0,1,0,0,1,0,50,1
330,132454,18.91061,-99.169539,0,0,0,0,0,0,1,0,50,1
331,132455,18.917441,-99.165945,0,0,0,0,1,0,0,0,50,1
332,132456,18.869347,-99.209944,0,0,0,0,0,0,0,0,50,1
333,132457,18.859803,-99.222164,2,2,0,1,0,0,0,1,50,2
334,132458,18.875011,-99.159422,0,0,0,1,1,0,0,0,49,0
335,132459,18.933537,-99.222497,0,4,0,0,1,0,1,0,44,0
336,132464,22.14955,-100.97797,0,0,0,0,0,0,0,0,46,1
337,132468,22.148665,-101.001273,2,0,0,0,2,0,0,0,46,0
338,132469,22.147145,-100.974494,1,0,0,0,0,0,0,0,46,0
339,132470,22.146658,-100.987219,1,0,0,0,0,0,0,0,46,1
340,132474,22.14788,-100.989472,0,0,0,0,0,1,0,0,17,0
341,132474,22.152481,-100.973486,1,3,0,0,0,0,0,0,36,6
342,132477,22.14161,-100.973142,0,3,0,0,0,0,0,0,14,6
343,132478,22.140517,-101.021422,0,0,0,0,0,0,0,0,46,1
344,132479,22.145813,-101.018032,0,3,0,0,2,0,0,0,46,6
345,132481,22.155651,-100.977767,0,3,0,0,0,0,0,0,46,1
346,132482,22.145893,-100.97487,0,3,0,0,1,0,0,0,46,0
347,132483,22.135617,-100.969709,1,0,0,0,2,0,0,0,39,0
348,132483,22.15106,-100.977659,1,0,0,0,0,0,0,0,46,1
349,132483,22.159357,-100.973411,0,0,0,0,0,0,0,0,48,0
350,132484,22.185756,-100.944518,0,0,0,0,0,0,0,0,6,2
351,132485,22.141848,-100.997475,0,0,0,0,0,0,0,0,20,0
352,132487,22.151189,-100.98179,1,0,1,0,2,0,0,0,47,1
353,132488,22.141282,-101.002958,0,0,0,0,0,0,0,0,2,0
354,132491,22.150921,-100.993828,1,3,0,0,2,0,0,0,34,0
355,132491,22.142017,-100.999246,1,0,0,0,2,0,0,0,20,0
356,132493,22.135011,-101.0286,0,0,0,0,0,0,0,0,19,0
357,132493,22.174887,-100.970825,1,0,0,0,2,0,0,0,47,0
358,132493,22.151189,-100.977058,0,3,0,0,1,0,0,0,25,2
359,132509,22.150981,-100.977412,2,0,0,0,2,0,0,0,45,1
360,132511,22.178931,-101.012861,0,3,0,0,2,0,0,0,46,0
361,132513,22.140626,-100.915657,0,0,0,0,2,0,0,0,46,0
362,132514,22.148854,-101.008472,0,3,0,0,2,0,0,0,44,0
363,132517,22.145992,-100.955118,1,3,0,0,0,0,0,0,45,0
364,132518,22.165587,-101.001273,0,0,0,0,0,0,1,0,3,0
365,132519,22.145108,-100.989547,1,3,0,0,0,0,0,0,3,0
366,132521,22.156883,-100.978485,0,0,0,0,0,0,0,0,45,0
367,132521,22.153703,-100.979033,0,0,0,0,0,0,0,0,44,2
368,132522,22.156724,-100.975556,0,0,0,0,0,0,0,0,17,0
369,132523,22.154687,-100.996617,0,0,0,0,2,0,0,0,17,0
370,132524,22.14958,-100.999557,1,3,0,0,2,0,0,0,17,0
371,132525,22.16835,-100.972466,1,3,0,0,2,0,0,0,17,0
372,132526,22.140129,-100.944872,1,0,0,0,1,0,0,0,17,0
373,132527,22.152918,-100.915164,0,0,0,0,0,0,0,0,45,0
374,132527,22.126375,-100.910926,2,3,0,0,0,0,0,0,44,1
375,132528,22.149192,-101.002936,0,0,0,0,0,0,0,0,17,1
376,132529,22.147175,-100.974269,1,3,0,0,2,0,0,0,17,2
377,132530,22.149689,-100.999525,1,3,0,0,2,0,0,0,20,0
378,132530,22.139573,-100.991564,0,0,0,0,0,0,0,0,44,1
379,132531,22.181017,-100.973614,1,0,0,0,2,0,0,0,41,0
380,132531,22.156376,-100.998355,0,0,0,0,2,0,0,0,44,0
381,132532,22.145008,-100.997969,0,3,0,0,2,0,0,0,29,0
382,132533,22.164842,-100.960493,0,0,0,0,0,0,0,0,45,0
383,132535,22.151448,-100.915099,0,0,0,0,0,0,0,0,17,1
384,132536,22.150802,-100.98268,0,4,0,0,0,0,0,0,44,1
385,132537,22.141421,-101.013955,0,4,0,0,0,0,1,0,44,1
386,132538,18.8760113,-99.2198896,0,4,0,0,1,1,0,0,17,4
387,132539,23.7529821,-99.1684341,2,4,0,1,0,0,1,0,20,1
388,132540,22.1497088,-100.9760928,1,1,0,2,0,0,0,1,44,2
389,132541,22.1362534,-100.9335852,0,0,0,1,1,0,0,0,25,1
390,132542,18.9217848,-99.2353499,1,4,0,0,0,1,0,0,17,1
391,132543,23.7523041,-99.1669133,0,2,0,0,1,0,0,1,44,1
392,132544,23.726819,-99.1265059,0,0,0,1,1,0,0,0,45,2
393,132545,23.7309245,-99.1451848,0,0,0,1,1,0,0,0,17,1
394,132546,22.1416471,-100.9927118,0,4,0,1,1,0,0,0,17,0
395,132547,18.9222904,-99.234332,0,4,0,2,1,0,1,0,17,2
396,132548,23.7523648,-99.1652879,0,4,0,1,0,0,1,0,17,2
397,132549,23.7521677,-99.165709,0,4,0,1,1,0,0,1,17,0
398,132550,23.7588052,-99.1651297,0,2,0,1,1,1,1,1,6,0
399,132551,23.7602683,-99.1658646,0,4,0,1,1,1,1,0,44,4
400,132555,23.7529035,-99.165076,0,2,0,1,0,0,1,0,17,0
401,132555,23.7375834,-99.1351318,0,0,0,1,0,0,1,0,43,0
402,132555,23.7529305,-99.1644725,0,0,0,1,1,0,0,0,29,0
403,132557,23.7355234,-99.1295877,0,0,0,1,1,0,0,0,6,0
404,132560,23.7529428,-99.1646791,0,0,0,1,1,0,0,0,36,1
405,132572,23.7525107,-99.1669536,0,0,0,1,1,0,0,0,16,0
406,132573,23.7367977,-99.1342413,0,0,0,1,1,0,0,0,9,0
407,132574,23.7526973,-99.1633594,0,0,0,1,1,0,1,0,33,0
408,132575,23.738212,-99.1519547,0,0,0,1,1,0,0,0,31,0
409,132576,23.7292162,-99.1323571,0,4,0,0,0,0,1,0,22,2
410,132577,23.7324226,-99.1586602,0,0,0,0,1,1,0,1,22,0
411,132578,23.7318602,-99.1504365,0,4,0,2,0,0,0,0,2,4
412,132579,22.1489337,-101.019845,2,3,0,1,0,0,0,0,22,1
413,132580,23.7543569,-99.171288,0,0,1,1,1,0,0,1,2,0
414,132581,23.7527071,-99.1625655,0,4,0,1,0,0,1,0,23,0
415,132582,23.7521965,-99.1666317,0,2,0,1,1,0,0,1,34,0
416,132583,22.1477379,-100.9906163,0,0,0,2,0,0,0,0,5,1
417,132584,22.153324,-101.0195459,0,0,0,2,0,0,0,0,2,0
418,132587,18.9101777,-99.2315438,1,0,0,0,0,0,0,0,5,0
419,132588,18.8820871,-99.1630268,1,2,1,2,0,0,0,1,2,0
420,132589,18.9257734,-99.2326355,0,4,1,2,0,0,1,0,16,0
421,132590,18.8699929,-99.2103195,1,2,0,0,1,0,0,1,9,0
422,132591,22.1473922,-100.983092,0,0,0,1,1,0,0,1,2,0
423,132592,22.1508494,-100.9397522,0,0,0,1,1,0,0,0,2,0
424,132593,22.156469,-100.98554,0,4,1,0,1,0,0,0,2,2
425,132594,22.1262926,-100.9007764,0,0,0,0,0,0,0,0,2,0
426,132595,22.1422732,-100.9426537,0,2,1,0,1,0,0,1,2,0
427,132596,22.1443365,-100.9373825,0,0,0,0,1,0,0,1,2,0
428,132598,22.136872,-100.9345736,0,4,0,1,1,0,0,0,2,0
429,132599,22.1378633,-100.9383273,1,0,0,1,0,0,0,0,2,0
430,132600,22.1513782,-100.9746337,1,0,0,1,1,0,0,0,5,0
431,132601,22.1312917,-100.9371941,0,0,0,1,1,0,0,0,20,0
432,132602,22.1480965,-101.0173023,0,4,0,1,0,0,1,0,2,0
433,132603,22.1506429,-100.9870148,1,0,1,1,2,0,0,0,2,2
434,132604,22.1412198,-100.9313107,0,4,0,1,0,0,0,0,16,0
435,132605,22.1412384,-100.9239252,0,4,0,0,0,0,0,0,5,0
436,132606,22.1430781,-100.9354788,0,4,0,0,1,0,0,0,5,0
437,132607,22.1735955,-100.9946027,0,4,0,2,0,0,0,0,2,0
438,132608,22.1499013,-100.9937793,1,3,0,0,2,0,1,1,2,0
439,132609,22.1353639,-100.9349477,0,0,0,1,1,0,0,0,22,0
440,132610,22.1395776,-101.0278863,0,0,0,1,1,0,0,0,2,0
441,132611,22.1795169,-100.9584358,0,0,0,1,1,0,0,0,2,0
442,132612,22.150305,-100.9891337,1,3,1,1,1,1,0,1,33,0
443,132613,22.1511348,-100.9823115,0,2,2,1,0,0,0,0,2,0
444,132614,22.1534997,-100.976243,1,4,0,1,0,0,0,0,2,0
445,132615,22.1500193,-100.9799203,2,3,0,1,1,1,0,0,2,0
446,132617,22.1544736,-100.9858091,0,4,1,1,1,0,0,0,2,0
447,132618,22.1603808,-100.9880447,0,4,0,2,0,0,1,0,22,0
448,132619,22.147622,-101.0102749,1,0,0,1,1,0,1,0,2,0
449,132620,22.1449787,-101.0056829,0,0,0,1,1,1,1,0,22,0
450,132621,18.940828,-99.215426,2,3,0,1,2,0,0,0,2,0
451,132622,18.916654,-99.22711,0,0,0,0,1,0,0,0,14,0
452,132623,18.948657,-99.235361,2,3,0,0,2,0,0,0,2,0
453,132624,18.928798,-99.239513,1,0,2,0,2,0,0,0,2,2
454,132625,18.932725,-99.225211,1,0,0,0,0,0,0,0,2,0
455,132626,18.936683,-99.247366,1,3,1,0,2,0,0,0,6,0
456,132628,18.923429,-99.216413,1,1,0,0,0,0,1,0,6,2
457,132629,18.915421,-99.184871,0,0,0,0,0,0,0,0,2,0
458,132630,18.870565,-99.226938,0,0,0,0,0,0,0,0,2,0
459,132631,18.941859,-99.241927,1,0,0,1,0,0,1,0,2,0
460,132632,18.91061,-99.169539,0,0,0,0,0,0,1,0,2,0
461,132634,18.917441,-99.165945,0,0,0,0,1,0,0,0,2,0
462,132635,18.869347,-99.209944,0,0,0,0,0,0,0,0,5,0
463,132636,18.859803,-99.222164,2,2,0,1,0,0,0,1,5,0
464,132637,18.875011,-99.159422,0,0,0,1,1,0,0,0,2,0
465,132638,18.933537,-99.222497,0,4,0,0,1,0,1,0,5,0
466,132640,22.14955,-100.97797,0,0,0,0,0,0,0,0,5,0
467,132642,22.148665,-101.001273,2,0,0,0,2,0,0,0,8,2
468,132643,22.147145,-100.974494,1,0,0,0,0,0,0,0,2,0
469,132645,22.146658,-100.987219,1,0,0,0,0,0,0,0,5,0
470,132646,22.14788,-100.989472,0,0,0,0,0,1,0,0,2,2
471,132648,22.152481,-100.973486,1,3,0,0,0,0,0,0,8,0
472,132649,22.14161,-100.973142,0,3,0,0,0,0,0,0,2,0
473,132650,22.140517,-101.021422,0,0,0,0,0,0,0,0,5,0
474,132652,22.145813,-101.018032,0,3,0,0,2,0,0,0,2,1
475,132653,22.155651,-100.977767,0,3,0,0,0,0,0,0,5,1
476,132655,22.145893,-100.97487,0,3,0,0,1,0,0,0,5,1
477,132657,22.135617,-100.969709,1,0,0,0,2,0,0,0,2,0
478,132658,22.15106,-100.977659,1,0,0,0,0,0,0,0,5,0
479,132662,22.159357,-100.973411,0,0,0,0,0,0,0,0,2,0
480,132663,22.185756,-100.944518,0,0,0,0,0,0,0,0,2,0
481,132664,22.141848,-100.997475,0,0,0,0,0,0,0,0,2,0
482,132665,22.151189,-100.98179,1,0,1,0,2,0,0,0,2,1
483,132666,22.141282,-101.002958,0,0,0,0,0,0,0,0,2,0
484,132667,22.150921,-100.993828,1,3,0,0,2,0,0,0,39,0
485,132668,22.142017,-100.999246,1,0,0,0,2,0,0,0,2,0
486,132669,22.135011,-101.0286,0,0,0,0,0,0,0,0,2,0
487,132670,22.174887,-100.970825,1,0,0,0,2,0,0,0,2,2
488,132671,22.151189,-100.977058,0,3,0,0,1,0,0,0,39,2
489,132672,22.150981,-100.977412,2,0,0,0,2,0,0,0,2,2
490,132673,22.178931,-101.012861,0,3,0,0,2,0,0,0,2,1
491,132674,22.140626,-100.915657,0,0,0,0,2,0,0,0,5,2
492,132675,22.148854,-101.008472,0,3,0,0,2,0,0,0,2,0
493,132676,22.145992,-100.955118,1,3,0,0,0,0,0,0,39,0
494,132677,22.165587,-101.001273,0,0,0,0,0,0,1,0,2,0
495,132678,22.145108,-100.989547,1,3,0,0,0,0,0,0,2,0
496,132679,22.156883,-100.978485,0,0,0,0,0,0,0,0,5,0
497,132680,22.153703,-100.979033,0,0,0,0,0,0,0,0,2,0
498,132681,22.156724,-100.975556,0,0,0,0,0,0,0,0,2,0
499,132682,22.154687,-100.996617,0,0,0,0,2,0,0,0,5,0
500,132683,22.14958,-100.999557,1,3,0,0,2,0,0,0,5,0
501,132684,22.16835,-100.972466,1,3,0,0,2,0,0,0,5,0
502,132685,22.140129,-100.944872,1,0,0,0,1,0,0,0,41,0
503,132686,22.152918,-100.915164,0,0,0,0,0,0,0,0,42,0
504,132687,22.126375,-100.910926,2,3,0,0,0,0,0,0,3,0
505,132688,22.149192,-101.002936,0,0,0,0,0,0,0,0,2,0
506,132689,22.147175,-100.974269,1,3,0,0,2,0,0,0,5,0
507,132690,22.149689,-100.999525,1,3,0,0,2,0,0,0,2,0
508,132691,22.139573,-100.991564,0,0,0,0,0,0,0,0,2,0
509,132692,22.181017,-100.973614,1,0,0,0,2,0,0,0,2,0
510,132693,22.156376,-100.998355,0,0,0,0,2,0,0,0,12,0
511,132694,22.145008,-100.997969,0,3,0,0,2,0,0,0,2,0
512,132695,22.164842,-100.960493,0,0,0,0,0,0,0,0,2,0
513,132696,22.151448,-100.915099,0,0,0,0,0,0,0,0,2,0
514,132697,22.150802,-100.98268,0,4,0,0,0,0,0,0,2,2
515,132698,22.141421,-101.013955,0,4,0,0,0,0,1,0,2,0
516,132699,18.8760113,-99.2198896,0,4,0,0,1,1,0,0,2,0
517,132700,23.7529821,-99.1684341,2,4,0,1,0,0,1,0,2,0
518,132701,22.1497088,-100.9760928,1,1,0,2,0,0,0,1,2,0
519,132702,22.1362534,-100.9335852,0,0,0,1,1,0,0,0,2,0
520,132703,18.9217848,-99.2353499,1,4,0,0,0,1,0,0,2,0
521,132704,23.7523041,-99.1669133,0,2,0,0,1,0,0,1,2,0
522,132705,23.726819,-99.1265059,0,0,0,1,1,0,0,0,2,0
523,132706,23.7309245,-99.1451848,0,0,0,1,1,0,0,0,2,0
524,132707,22.1416471,-100.9927118,0,4,0,1,1,0,0,0,2,0
525,132708,18.9222904,-99.234332,0,4,0,2,1,0,1,0,2,1
526,132709,23.7523648,-99.1652879,0,4,0,1,0,0,1,0,2,1
527,132710,23.7521677,-99.165709,0,4,0,1,1,0,0,1,2,1
528,132711,23.7588052,-99.1651297,0,2,0,1,1,1,1,1,2,0
529,132712,23.7602683,-99.1658646,0,4,0,1,1,1,1,0,2,0
530,132713,23.7529035,-99.165076,0,2,0,1,0,0,1,0,5,0
531,132714,23.7375834,-99.1351318,0,0,0,1,0,0,1,0,2,2
532,132715,23.7529305,-99.1644725,0,0,0,1,1,0,0,0,2,0
533,132717,23.7355234,-99.1295877,0,0,0,1,1,0,0,0,22,0
534,132718,23.7529428,-99.1646791,0,0,0,1,1,0,0,0,9,0
535,132719,23.7525107,-99.1669536,0,0,0,1,1,0,0,0,9,0
536,132723,23.7367977,-99.1342413,0,0,0,1,1,0,0,0,2,0
537,132724,23.7526973,-99.1633594,0,0,0,1,1,0,1,0,5,0
538,132725,23.738212,-99.1519547,0,0,0,1,1,0,0,0,22,0
539,132732,23.7292162,-99.1323571,0,4,0,0,0,0,1,0,2,0
540,132733,23.7324226,-99.1586602,0,0,0,0,1,1,0,1,33,0
541,132734,23.7318602,-99.1504365,0,4,0,2,0,0,0,0,33,0
542,132735,22.1489337,-101.019845,2,3,0,1,0,0,0,0,2,0
543,132736,23.7543569,-99.171288,0,0,1,1,1,0,0,1,40,0
544,132737,23.7527071,-99.1625655,0,4,0,1,0,0,1,0,2,0
545,132738,23.7521965,-99.1666317,0,2,0,1,1,0,0,1,9,0
546,132739,22.1477379,-100.9906163,0,0,0,2,0,0,0,0,2,1
547,132740,22.153324,-101.0195459,0,0,0,2,0,0,0,0,2,0
548,132741,18.9101777,-99.2315438,1,0,0,0,0,0,0,0,2,0
549,132742,18.8820871,-99.1630268,1,2,1,2,0,0,0,1,2,0
550,132743,18.9257734,-99.2326355,0,4,1,2,0,0,1,0,2,0
551,132744,18.8699929,-99.2103195,1,2,0,0,1,0,0,1,2,0
552,132745,22.1473922,-100.983092,0,0,0,1,1,0,0,1,5,2
553,132746,22.1508494,-100.9397522,0,0,0,1,1,0,0,0,2,0
554,132747,22.156469,-100.98554,0,4,1,0,1,0,0,0,14,0
555,132748,22.1262926,-100.9007764,0,0,0,0,0,0,0,0,2,0
556,132749,22.1422732,-100.9426537,0,2,1,0,1,0,0,1,2,0
557,132750,22.1443365,-100.9373825,0,0,0,0,1,0,0,1,7,0
558,132751,22.136872,-100.9345736,0,4,0,1,1,0,0,0,7,0
559,132752,22.1378633,-100.9383273,1,0,0,1,0,0,0,0,16,0
560,132753,22.1513782,-100.9746337,1,0,0,1,1,0,0,0,2,1
561,132754,22.1312917,-100.9371941,0,0,0,1,1,0,0,0,2,1
562,132755,22.1480965,-101.0173023,0,4,0,1,0,0,1,0,2,1
563,132756,22.1506429,-100.9870148,1,0,1,1,2,0,0,0,6,1
564,132757,22.1412198,-100.9313107,0,4,0,1,0,0,0,0,2,1
565,132758,22.1412384,-100.9239252,0,4,0,0,0,0,0,0,2,1
566,132760,22.1430781,-100.9354788,0,4,0,0,1,0,0,0,2,0
567,132761,22.1735955,-100.9946027,0,4,0,2,0,0,0,0,2,0
568,132763,22.1499013,-100.9937793,1,3,0,0,2,0,1,1,2,1
569,132764,22.1353639,-100.9349477,0,0,0,1,1,0,0,0,2,4
570,132765,22.1395776,-101.0278863,0,0,0,1,1,0,0,0,2,1
571,132766,22.1795169,-100.9584358,0,0,0,1,1,0,0,0,3,1
572,132767,22.150305,-100.9891337,1,3,1,1,1,1,0,1,35,1
573,132768,22.1511348,-100.9823115,0,2,2,1,0,0,0,0,4,0
574,132769,22.1534997,-100.976243,1,4,0,1,0,0,0,0,2,0
575,132770,22.1500193,-100.9799203,2,3,0,1,1,1,0,0,1,0
576,132771,22.1544736,-100.9858091,0,4,1,1,1,0,0,0,3,0
577,132772,22.1603808,-100.9880447,0,4,0,2,0,0,1,0,2,1
578,132773,22.147622,-101.0102749,1,0,0,1,1,0,1,0,4,1
579,132773,22.1449787,-101.0056829,0,0,0,1,1,1,1,0,2,1
580,132774,18.940828,-99.215426,2,3,0,1,2,0,0,0,5,1
581,132774,18.916654,-99.22711,0,0,0,0,1,0,0,0,34,0
582,132774,18.948657,-99.235361,2,3,0,0,2,0,0,0,13,4
583,132774,18.928798,-99.239513,1,0,2,0,2,0,0,0,7,1
584,132774,18.932725,-99.225211,1,0,0,0,0,0,0,0,20,1
585,132774,18.936683,-99.247366,1,3,1,0,2,0,0,0,16,1
586,132774,18.923429,-99.216413,1,1,0,0,0,0,1,0,31,1
587,132774,18.915421,-99.184871,0,0,0,0,0,0,0,0,4,0
588,132774,18.870565,-99.226938,0,0,0,0,0,0,0,0,2,0
589,132775,18.941859,-99.241927,1,0,0,1,0,0,1,0,2,0
590,132776,18.91061,-99.169539,0,0,0,0,0,0,1,0,2,1
591,132777,18.917441,-99.165945,0,0,0,0,1,0,0,0,2,0
592,132778,18.869347,-99.209944,0,0,0,0,0,0,0,0,2,1
593,132779,18.859803,-99.222164,2,2,0,1,0,0,0,1,2,0
594,132781,18.875011,-99.159422,0,0,0,1,1,0,0,0,2,0
595,132782,18.933537,-99.222497,0,4,0,0,1,0,1,0,4,1
596,132783,22.14955,-100.97797,0,0,0,0,0,0,0,0,17,0
597,132784,22.148665,-101.001273,2,0,0,0,2,0,0,0,6,1
598,132785,22.147145,-100.974494,1,0,0,0,0,0,0,0,2,0
599,132786,22.146658,-100.987219,1,0,0,0,0,0,0,0,17,0
600,132787,22.14788,-100.989472,0,0,0,0,0,1,0,0,17,1
601,132788,22.152481,-100.973486,1,3,0,0,0,0,0,0,5,0
602,132789,22.14161,-100.973142,0,3,0,0,0,0,0,0,2,1
603,132790,22.140517,-101.021422,0,0,0,0,0,0,0,0,17,0
604,132791,22.145813,-101.018032,0,3,0,0,2,0,0,0,2,0
605,132792,22.155651,-100.977767,0,3,0,0,0,0,0,0,17,0
606,132793,22.145893,-100.97487,0,3,0,0,1,0,0,0,2,0
607,132794,22.135617,-100.969709,1,0,0,0,2,0,0,0,29,0
608,132795,22.15106,-100.977659,1,0,0,0,0,0,0,0,5,0
609,132796,22.159357,-100.973411,0,0,0,0,0,0,0,0,5,0
610,132797,22.185756,-100.944518,0,0,0,0,0,0,0,0,16,0
611,132798,22.141848,-100.997475,0,0,0,0,0,0,0,0,2,0
612,132799,22.151189,-100.98179,1,0,1,0,2,0,0,0,39,1
613,132801,22.141282,-101.002958,0,0,0,0,0,0,0,0,2,0
614,132802,22.150921,-100.993828,1,3,0,0,2,0,0,0,14,1
615,132803,22.142017,-100.999246,1,0,0,0,2,0,0,0,14,2
616,132804,22.135011,-101.0286,0,0,0,0,0,0,0,0,12,0
617,132805,22.174887,-100.970825,1,0,0,0,2,0,0,0,2,0
618,132806,22.151189,-100.977058,0,3,0,0,1,0,0,0,2,1
619,132807,22.150981,-100.977412,2,0,0,0,2,0,0,0,16,0
620,132810,22.178931,-101.012861,0,3,0,0,2,0,0,0,29,0
621,132811,22.140626,-100.915657,0,0,0,0,2,0,0,0,17,0
622,132825,22.148854,-101.008472,0,3,0,0,2,0,0,0,2,0
623,132827,22.145992,-100.955118,1,3,0,0,0,0,0,0,2,0
624,132828,22.165587,-101.001273,0,0,0,0,0,0,1,0,2,0
625,132829,22.145108,-100.989547,1,3,0,0,0,0,0,0,2,1
626,132833,22.156883,-100.978485,0,0,0,0,0,0,0,0,2,2
627,132834,22.153703,-100.979033,0,0,0,0,0,0,0,0,2,0
628,132835,22.156724,-100.975556,0,0,0,0,0,0,0,0,2,0
629,132836,22.154687,-100.996617,0,0,0,0,2,0,0,0,2,1
630,132837,22.14958,-100.999557,1,3,0,0,2,0,0,0,2,1
631,132838,22.16835,-100.972466,1,3,0,0,2,0,0,0,2,1
632,132839,22.140129,-100.944872,1,0,0,0,1,0,0,0,2,0
633,132840,22.152918,-100.915164,0,0,0,0,0,0,0,0,2,1
634,132841,22.126375,-100.910926,2,3,0,0,0,0,0,0,2,1
635,132842,22.149192,-101.002936,0,0,0,0,0,0,0,0,2,0
636,132843,22.147175,-100.974269,1,3,0,0,2,0,0,0,2,0
637,132845,22.149689,-100.999525,1,3,0,0,2,0,0,0,2,0
638,132846,22.139573,-100.991564,0,0,0,0,0,0,0,0,17,0
639,132851,22.181017,-100.973614,1,0,0,0,2,0,0,0,5,1
640,132851,22.156376,-100.998355,0,0,0,0,2,0,0,0,38,1
641,132852,22.145008,-100.997969,0,3,0,0,2,0,0,0,18,1
642,132852,22.164842,-100.960493,0,0,0,0,0,0,0,0,2,1
643,132853,22.151448,-100.915099,0,0,0,0,0,0,0,0,22,0
644,132854,22.150802,-100.98268,0,4,0,0,0,0,0,0,17,1
645,132855,22.141421,-101.013955,0,4,0,0,0,0,1,0,2,0
646,132856,18.8760113,-99.2198896,0,4,0,0,1,1,0,0,6,0
647,132857,23.7529821,-99.1684341,2,4,0,1,0,0,1,0,17,1
648,132858,22.1497088,-100.9760928,1,1,0,2,0,0,0,1,7,1
649,132859,22.1362534,-100.9335852,0,0,0,1,1,0,0,0,17,1
650,132860,18.9217848,-99.2353499,1,4,0,0,0,1,0,0,17,0
651,132861,23.7523041,-99.1669133,0,2,0,0,1,0,0,1,7,1
652,132862,23.726819,-99.1265059,0,0,0,1,1,0,0,0,17,2
653,132863,23.7309245,-99.1451848,0,0,0,1,1,0,0,0,17,1
654,132864,22.1416471,-100.9927118,0,4,0,1,1,0,0,0,2,0
655,132865,18.9222904,-99.234332,0,4,0,2,1,0,1,0,2,1
656,132866,23.7523648,-99.1652879,0,4,0,1,0,0,1,0,34,1
657,132866,23.7521677,-99.165709,0,4,0,1,1,0,0,1,16,0
658,132867,23.7588052,-99.1651297,0,2,0,1,1,1,1,1,12,1
659,132867,23.7602683,-99.1658646,0,4,0,1,1,1,1,0,2,0
660,132868,23.7529035,-99.165076,0,2,0,1,0,0,1,0,2,1
661,132869,23.7375834,-99.1351318,0,0,0,1,0,0,1,0,33,0
662,132870,23.7529305,-99.1644725,0,0,0,1,1,0,0,0,7,1
663,132871,23.7355234,-99.1295877,0,0,0,1,1,0,0,0,2,1
664,132872,23.7529428,-99.1646791,0,0,0,1,1,0,0,0,5,1
665,132873,23.7525107,-99.1669536,0,0,0,1,1,0,0,0,5,1
666,132875,23.7367977,-99.1342413,0,0,0,1,1,0,0,0,3,0
667,132885,23.7526973,-99.1633594,0,0,0,1,1,0,1,0,16,1
668,132886,23.738212,-99.1519547,0,0,0,1,1,0,0,0,5,2
669,132887,23.7292162,-99.1323571,0,4,0,0,0,0,1,0,6,1
670,132888,23.7324226,-99.1586602,0,0,0,0,1,1,0,1,37,1
671,132889,23.7318602,-99.1504365,0,4,0,2,0,0,0,0,2,1
672,132890,22.1489337,-101.019845,2,3,0,1,0,0,0,0,2,1
673,132891,23.7543569,-99.171288,0,0,1,1,1,0,0,1,2,0
674,132892,23.7527071,-99.1625655,0,4,0,1,0,0,1,0,14,0
675,132893,23.7521965,-99.1666317,0,2,0,1,1,0,0,1,2,0
676,132894,22.1477379,-100.9906163,0,0,0,2,0,0,0,0,2,0
677,132895,22.153324,-101.0195459,0,0,0,2,0,0,0,0,2,1
678,132896,18.9101777,-99.2315438,1,0,0,0,0,0,0,0,2,2
679,132897,18.8820871,-99.1630268,1,2,1,2,0,0,0,1,2,1
680,132899,18.9257734,-99.2326355,0,4,1,2,0,0,1,0,2,2
681,132900,18.8699929,-99.2103195,1,2,0,0,1,0,0,1,2,1
682,132901,22.1473922,-100.983092,0,0,0,1,1,0,0,1,36,2
683,132902,22.1508494,-100.9397522,0,0,0,1,1,0,0,0,2,6
684,132903,22.156469,-100.98554,0,4,1,0,1,0,0,0,2,0
685,132904,22.1262926,-100.9007764,0,0,0,0,0,0,0,0,2,1
686,132906,22.1422732,-100.9426537,0,2,1,0,1,0,0,1,2,2
687,132907,22.1443365,-100.9373825,0,0,0,0,1,0,0,1,2,1
688,132908,22.136872,-100.9345736,0,4,0,1,1,0,0,0,2,4
689,132909,22.1378633,-100.9383273,1,0,0,1,0,0,0,0,2,4
690,132910,22.1513782,-100.9746337,1,0,0,1,1,0,0,0,2,0
691,132911,22.1312917,-100.9371941,0,0,0,1,1,0,0,0,2,2
692,132912,22.1480965,-101.0173023,0,4,0,1,0,0,1,0,2,4
693,132913,22.1506429,-100.9870148,1,0,1,1,2,0,0,0,2,4
694,132914,22.1412198,-100.9313107,0,4,0,1,0,0,0,0,2,1
695,132915,22.1412384,-100.9239252,0,4,0,0,0,0,0,0,2,0
696,132916,22.1430781,-100.9354788,0,4,0,0,1,0,0,0,5,0
697,132917,22.1735955,-100.9946027,0,4,0,2,0,0,0,0,5,0
698,132917,22.1499013,-100.9937793,1,3,0,0,2,0,1,1,2,0
699,132918,22.1353639,-100.9349477,0,0,0,1,1,0,0,0,2,0
700,132919,22.1395776,-101.0278863,0,0,0,1,1,0,0,0,2,0
701,132920,22.1795169,-100.9584358,0,0,0,1,1,0,0,0,2,2
702,132921,22.150305,-100.9891337,1,3,1,1,1,1,0,1,12,5
703,132922,22.1511348,-100.9823115,0,2,2,1,0,0,0,0,16,6
704,132923,22.1534997,-100.976243,1,4,0,1,0,0,0,0,4,2
705,132924,22.1500193,-100.9799203,2,3,0,1,1,1,0,0,33,5
706,132925,22.1544736,-100.9858091,0,4,1,1,1,0,0,0,2,6
707,132926,22.1603808,-100.9880447,0,4,0,2,0,0,1,0,2,5
708,132927,22.147622,-101.0102749,1,0,0,1,1,0,1,0,2,1
709,132928,22.1449787,-101.0056829,0,0,0,1,1,1,1,0,2,5
710,132929,18.940828,-99.215426,2,3,0,1,2,0,0,0,2,2
711,132930,18.916654,-99.22711,0,0,0,0,1,0,0,0,2,1
712,132932,18.948657,-99.235361,2,3,0,0,2,0,0,0,2,2
713,132933,18.928798,-99.239513,1,0,2,0,2,0,0,0,5,6
714,132934,18.932725,-99.225211,1,0,0,0,0,0,0,0,2,2
715,132935,18.936683,-99.247366,1,3,1,0,2,0,0,0,2,1
716,132936,18.923429,-99.216413,1,1,0,0,0,0,1,0,2,5
717,132937,18.915421,-99.184871,0,0,0,0,0,0,0,0,12,5
718,132938,18.870565,-99.226938,0,0,0,0,0,0,0,0,2,5
719,132939,18.941859,-99.241927,1,0,0,1,0,0,1,0,2,6
720,132940,18.91061,-99.169539,0,0,0,0,0,0,1,0,7,1
721,132941,18.917441,-99.165945,0,0,0,0,1,0,0,0,2,1
722,132942,18.869347,-99.209944,0,0,0,0,0,0,0,0,2,4
723,132943,18.859803,-99.222164,2,2,0,1,0,0,0,1,2,5
724,132945,18.875011,-99.159422,0,0,0,1,1,0,0,0,2,2
725,132946,18.933537,-99.222497,0,4,0,0,1,0,1,0,2,5
726,132947,22.14955,-100.97797,0,0,0,0,0,0,0,0,2,6
727,132948,22.148665,-101.001273,2,0,0,0,2,0,0,0,2,5
728,132950,22.147145,-100.974494,1,0,0,0,0,0,0,0,2,6
729,132951,22.146658,-100.987219,1,0,0,0,0,0,0,0,5,5
730,132953,22.14788,-100.989472,0,0,0,0,0,1,0,0,2,1
731,132954,22.152481,-100.973486,1,3,0,0,0,0,0,0,13,4
732,132955,22.14161,-100.973142,0,3,0,0,0,0,0,0,10,8
733,132956,22.140517,-101.021422,0,0,0,0,0,0,0,0,8,2
734,132957,22.145813,-101.018032,0,3,0,0,2,0,0,0,5,2
735,132958,22.155651,-100.977767,0,3,0,0,0,0,0,0,5,5
736,132959,22.145893,-100.97487,0,3,0,0,1,0,0,0,2,4
737,132960,22.135617,-100.969709,1,0,0,0,2,0,0,0,2,8
738,132961,22.15106,-100.977659,1,0,0,0,0,0,0,0,2,2
739,132962,22.159357,-100.973411,0,0,0,0,0,0,0,0,7,5
740,132962,22.185756,-100.944518,0,0,0,0,0,0,0,0,9,5
741,132963,22.141848,-100.997475,0,0,0,0,0,0,0,0,2,2
742,132964,22.151189,-100.98179,1,0,1,0,2,0,0,0,12,5
743,132965,22.141282,-101.002958,0,0,0,0,0,0,0,0,12,1
744,132966,22.150921,-100.993828,1,3,0,0,2,0,0,0,12,1
745,132967,22.142017,-100.999246,1,0,0,0,2,0,0,0,12,2
746,132968,22.135011,-101.0286,0,0,0,0,0,0,0,0,12,8
747,132969,22.174887,-100.970825,1,0,0,0,2,0,0,0,12,6
748,132970,22.151189,-100.977058,0,3,0,0,1,0,0,0,5,5
749,132971,22.150981,-100.977412,2,0,0,0,2,0,0,0,2,5
750,132972,22.178931,-101.012861,0,3,0,0,2,0,0,0,2,5
751,132973,22.140626,-100.915657,0,0,0,0,2,0,0,0,2,6
752,132980,22.148854,-101.008472,0,3,0,0,2,0,0,0,2,2
753,132985,22.145992,-100.955118,1,3,0,0,0,0,0,0,2,6
754,132986,22.165587,-101.001273,0,0,0,0,0,0,1,0,2,2
755,132992,22.145108,-100.989547,1,3,0,0,0,0,0,0,5,2
756,132993,22.156883,-100.978485,0,0,0,0,0,0,0,0,2,5
757,132994,22.153703,-100.979033,0,0,0,0,0,0,0,0,5,5
758,132995,22.156724,-100.975556,0,0,0,0,0,0,0,0,5,6
759,132996,22.154687,-100.996617,0,0,0,0,2,0,0,0,2,5
760,133000,22.14958,-100.999557,1,3,0,0,2,0,0,0,4,5
761,133007,22.16835,-100.972466,1,3,0,0,2,0,0,0,5,5
762,133008,22.140129,-100.944872,1,0,0,0,1,0,0,0,5,2
763,133009,22.152918,-100.915164,0,0,0,0,0,0,0,0,5,5
764,133010,22.126375,-100.910926,2,3,0,0,0,0,0,0,6,0
765,133014,22.149192,-101.002936,0,0,0,0,0,0,0,0,11,0
766,133020,22.147175,-100.974269,1,3,0,0,2,0,0,0,5,6
767,133026,22.149689,-100.999525,1,3,0,0,2,0,0,0,4,5
768,133027,22.139573,-100.991564,0,0,0,0,0,0,0,0,16,6
769,133028,22.181017,-100.973614,1,0,0,0,2,0,0,0,2,5
770,133029,22.156376,-100.998355,0,0,0,0,2,0,0,0,12,1
771,133030,22.145008,-100.997969,0,3,0,0,2,0,0,0,4,6
772,133031,22.164842,-100.960493,0,0,0,0,0,0,0,0,2,2
773,133032,22.151448,-100.915099,0,0,0,0,0,0,0,0,2,1
774,133033,22.150802,-100.98268,0,4,0,0,0,0,0,0,5,1
775,133034,22.141421,-101.013955,0,4,0,0,0,0,1,0,2,2
776,133035,18.8760113,-99.2198896,0,4,0,0,1,1,0,0,15,5
777,133036,23.7529821,-99.1684341,2,4,0,1,0,0,1,0,4,6
778,133037,22.1497088,-100.9760928,1,1,0,2,0,0,0,1,2,2
779,133038,22.1362534,-100.9335852,0,0,0,1,1,0,0,0,16,5
780,133039,18.9217848,-99.2353499,1,4,0,0,0,1,0,0,4,6
781,133043,23.7523041,-99.1669133,0,2,0,0,1,0,0,1,17,2
782,133047,23.726819,-99.1265059,0,0,0,1,1,0,0,0,5,2
783,133048,23.7309245,-99.1451848,0,0,0,1,1,0,0,0,2,5
784,133049,22.1416471,-100.9927118,0,4,0,1,1,0,0,0,18,5
785,134971,18.9222904,-99.234332,0,4,0,2,1,0,1,0,2,5
786,134972,23.7523648,-99.1652879,0,4,0,1,0,0,1,0,20,2
787,134972,23.7521677,-99.165709,0,4,0,1,1,0,0,1,16,5
788,134973,23.7588052,-99.1651297,0,2,0,1,1,1,1,1,2,2
789,134976,23.7602683,-99.1658646,0,4,0,1,1,1,1,0,2,0
790,134976,23.7529035,-99.165076,0,2,0,1,0,0,1,0,21,0
791,134976,23.7375834,-99.1351318,0,0,0,1,0,0,1,0,7,0
792,134980,23.7529305,-99.1644725,0,0,0,1,1,0,0,0,19,0
793,134981,23.7355234,-99.1295877,0,0,0,1,1,0,0,0,6,0
794,134982,23.7529428,-99.1646791,0,0,0,1,1,0,0,0,12,0
795,134982,23.7525107,-99.1669536,0,0,0,1,1,0,0,0,10,0
796,134983,23.7367977,-99.1342413,0,0,0,1,1,0,0,0,12,0
797,134983,23.7526973,-99.1633594,0,0,0,1,1,0,1,0,10,0
798,134984,23.738212,-99.1519547,0,0,0,1,1,0,0,0,6,0
799,134985,23.7292162,-99.1323571,0,4,0,0,0,0,1,0,2,0
800,134986,23.7324226,-99.1586602,0,0,0,0,1,1,0,1,17,1
801,134988,23.7318602,-99.1504365,0,4,0,2,0,0,0,0,21,0
802,134989,22.1489337,-101.019845,2,3,0,1,0,0,0,0,2,1
803,134990,23.7543569,-99.171288,0,0,1,1,1,0,0,1,12,1
804,134990,23.7527071,-99.1625655,0,4,0,1,0,0,1,0,10,0
805,134997,23.7521965,-99.1666317,0,2,0,1,1,0,0,1,12,0
806,134997,22.1477379,-100.9906163,0,0,0,2,0,0,0,0,20,0
807,134997,22.153324,-101.0195459,0,0,0,2,0,0,0,0,16,0
808,134999,18.9101777,-99.2315438,1,0,0,0,0,0,0,0,3,0
809,135002,18.8820871,-99.1630268,1,2,1,2,0,0,0,1,2,0
810,135003,18.9257734,-99.2326355,0,4,1,2,0,0,1,0,14,1
811,135004,18.8699929,-99.2103195,1,2,0,0,1,0,0,1,12,0
812,135004,22.1473922,-100.983092,0,0,0,1,1,0,0,1,10,1
813,135005,22.1508494,-100.9397522,0,0,0,1,1,0,0,0,2,1
814,135007,22.156469,-100.98554,0,4,1,0,1,0,0,0,12,1
815,135007,22.1262926,-100.9007764,0,0,0,0,0,0,0,0,10,2
816,135007,22.1422732,-100.9426537,0,2,1,0,1,0,0,1,2,2
817,135008,22.1443365,-100.9373825,0,0,0,0,1,0,0,1,11,1
818,135018,22.136872,-100.9345736,0,4,0,1,1,0,0,0,2,1
819,135019,22.1378633,-100.9383273,1,0,0,1,0,0,0,0,12,0
820,135020,22.1513782,-100.9746337,1,0,0,1,1,0,0,0,12,0
821,135020,22.1312917,-100.9371941,0,0,0,1,1,0,0,0,2,2
822,135021,22.1480965,-101.0173023,0,4,0,1,0,0,1,0,22,2
823,135022,22.1506429,-100.9870148,1,0,1,1,2,0,0,0,2,0
824,135025,22.1412198,-100.9313107,0,4,0,1,0,0,0,0,2,0
825,135026,22.1412384,-100.9239252,0,4,0,0,0,0,0,0,12,2
826,135026,22.1430781,-100.9354788,0,4,0,0,1,0,0,0,10,1
827,135027,22.1735955,-100.9946027,0,4,0,2,0,0,0,0,2,2
828,135028,22.1499013,-100.9937793,1,3,0,0,2,0,1,1,2,2
829,135029,22.1353639,-100.9349477,0,0,0,1,1,0,0,0,12,2
830,135029,22.1395776,-101.0278863,0,0,0,1,1,0,0,0,10,2
831,135030,22.1795169,-100.9584358,0,0,0,1,1,0,0,0,20,1
832,135030,22.150305,-100.9891337,1,3,1,1,1,1,0,1,16,0
833,135031,22.1511348,-100.9823115,0,2,2,1,0,0,0,0,19,2
834,135032,22.1534997,-100.976243,1,4,0,1,0,0,0,0,16,0
835,135032,22.1500193,-100.9799203,2,3,0,1,1,1,0,0,11,0
836,135034,22.1544736,-100.9858091,0,4,1,1,1,0,0,0,3,2
837,135035,22.1603808,-100.9880447,0,4,0,2,0,0,1,0,6,1
838,135036,22.147622,-101.0102749,1,0,0,1,1,0,1,0,12,1
839,135037,22.1449787,-101.0056829,0,0,0,1,1,1,1,0,2,1
840,135039,18.940828,-99.215426,2,3,0,1,2,0,0,0,19,1
841,135041,18.916654,-99.22711,0,0,0,0,1,0,0,0,12,1
842,135041,18.948657,-99.235361,2,3,0,0,2,0,0,0,16,0
843,135042,18.928798,-99.239513,1,0,2,0,2,0,0,0,14,0
844,135043,18.932725,-99.225211,1,0,0,0,0,0,0,0,22,1
845,135043,18.936683,-99.247366,1,3,1,0,2,0,0,0,33,1
846,135044,18.923429,-99.216413,1,1,0,0,0,0,1,0,14,2
847,135046,18.915421,-99.184871,0,0,0,0,0,0,0,0,22,1
848,135048,18.870565,-99.226938,0,0,0,0,0,0,0,0,12,2
849,135049,18.941859,-99.241927,1,0,0,1,0,0,1,0,19,0
850,135052,18.91061,-99.169539,0,0,0,0,0,0,1,0,12,1
851,135052,18.917441,-99.165945,0,0,0,0,1,0,0,0,10,0
852,135053,18.869347,-99.209944,0,0,0,0,0,0,0,0,16,1
853,135053,18.859803,-99.222164,2,2,0,1,0,0,0,1,22,1
854,135053,18.875011,-99.159422,0,0,0,1,1,0,0,0,33,1
855,135054,18.933537,-99.222497,0,4,0,0,1,0,1,0,19,0
856,135055,22.14955,-100.97797,0,0,0,0,0,0,0,0,2,1
857,135056,22.148665,-101.001273,2,0,0,0,2,0,0,0,12,0
858,135057,22.147145,-100.974494,1,0,0,0,0,0,0,0,12,0
859,135058,22.146658,-100.987219,1,0,0,0,0,0,0,0,33,0
860,135059,22.14788,-100.989472,0,0,0,0,0,1,0,0,12,0
861,135060,22.152481,-100.973486,1,3,0,0,0,0,0,0,19,0
862,135061,22.14161,-100.973142,0,3,0,0,0,0,0,0,11,4
863,135069,22.140517,-101.021422,0,0,0,0,0,0,0,0,12,1
864,135071,22.145813,-101.018032,0,3,0,0,2,0,0,0,12,0
865,135071,22.155651,-100.977767,0,3,0,0,0,0,0,0,10,1
866,135072,22.145893,-100.97487,0,3,0,0,1,0,0,0,3,0
867,135073,22.135617,-100.969709,1,0,0,0,2,0,0,0,12,1
868,135073,22.15106,-100.977659,1,0,0,0,0,0,0,0,10,0
869,135074,22.159357,-100.973411,0,0,0,0,0,0,0,0,11,0
870,135075,22.185756,-100.944518,0,0,0,0,0,0,0,0,19,0
871,135079,22.141848,-100.997475,0,0,0,0,0,0,0,0,14,0
872,135085,22.151189,-100.98179,1,0,1,0,2,0,0,0,22,1
873,135086,22.141282,-101.002958,0,0,0,0,0,0,0,0,7,0
874,135086,22.150921,-100.993828,1,3,0,0,2,0,0,0,22,0
875,135088,22.142017,-100.999246,1,0,0,0,2,0,0,0,16,0
876,135089,22.135011,-101.0286,0,0,0,0,0,0,0,0,19,0
877,135090,22.174887,-100.970825,1,0,0,0,2,0,0,0,2,1
878,135091,22.151189,-100.977058,0,3,0,0,1,0,0,0,3,0
879,135091,22.150981,-100.977412,2,0,0,0,2,0,0,0,32,0
880,135092,22.178931,-101.012861,0,3,0,0,2,0,0,0,16,1
881,135092,22.140626,-100.915657,0,0,0,0,2,0,0,0,2,0
882,135093,22.148854,-101.008472,0,3,0,0,2,0,0,0,2,1
883,135094,22.145992,-100.955118,1,3,0,0,0,0,0,0,2,0
884,135097,22.165587,-101.001273,0,0,0,0,0,0,1,0,20,0
885,135097,22.145108,-100.989547,1,3,0,0,0,0,0,0,16,1
886,135097,22.156883,-100.978485,0,0,0,0,0,0,0,0,11,0
887,135097,22.153703,-100.979033,0,0,0,0,0,0,0,0,30,0
888,135097,22.156724,-100.975556,0,0,0,0,0,0,0,0,31,0
889,135097,22.154687,-100.996617,0,0,0,0,2,0,0,0,2,0
890,135098,22.14958,-100.999557,1,3,0,0,2,0,0,0,28,0
891,135098,22.16835,-100.972466,1,3,0,0,2,0,0,0,17,0
892,135098,22.140129,-100.944872,1,0,0,0,1,0,0,0,18,0
893,135098,22.152918,-100.915164,0,0,0,0,0,0,0,0,25,0
894,135099,22.126375,-100.910926,2,3,0,0,0,0,0,0,26,0
895,135099,22.149192,-101.002936,0,0,0,0,0,0,0,0,23,0
896,135099,22.147175,-100.974269,1,3,0,0,2,0,0,0,17,0
897,135099,22.149689,-100.999525,1,3,0,0,2,0,0,0,27,0
898,135099,22.139573,-100.991564,0,0,0,0,0,0,0,0,25,0
899,135099,22.181017,-100.973614,1,0,0,0,2,0,0,0,29,0
900,135100,22.156376,-100.998355,0,0,0,0,2,0,0,0,2,0
901,135100,22.145008,-100.997969,0,3,0,0,2,0,0,0,25,0
902,135101,22.164842,-100.960493,0,0,0,0,0,0,0,0,2,0
903,135101,22.151448,-100.915099,0,0,0,0,0,0,0,0,25,0
904,135102,22.150802,-100.98268,0,4,0,0,0,0,0,0,18,0
905,135102,22.141421,-101.013955,0,4,0,0,0,0,1,0,2,0
906,135102,18.8760113,-99.2198896,0,4,0,0,1,1,0,0,25,0
907,135103,23.7529821,-99.1684341,2,4,0,1,0,0,1,0,7,2
908,135103,22.1497088,-100.9760928,1,1,0,2,0,0,0,1,23,2
909,135103,22.1362534,-100.9335852,0,0,0,1,1,0,0,0,22,1
910,135103,18.9217848,-99.2353499,1,4,0,0,0,1,0,0,9,1
911,135104,23.7523041,-99.1669133,0,2,0,0,1,0,0,1,2,1
912,135105,23.726819,-99.1265059,0,0,0,1,1,0,0,0,22,1
913,135106,23.7309245,-99.1451848,0,0,0,1,1,0,0,0,2,1
914,135107,22.1416471,-100.9927118,0,4,0,1,1,0,0,0,18,1
915,135109,18.9222904,-99.234332,0,4,0,2,1,0,1,0,6,0
916,135110,23.7523648,-99.1652879,0,4,0,1,0,0,1,0,1,1