,placeID,latitude,longitude,alcohol,smoking_area,dress_code,accessibility,price,Rambience,franchise,area,cuisine,parking_lot,label
0,132001,23.752304100000003,-99.16691329999999,0,2,0,0,1,0,0,1,44,5,0.0
1,132002,23.726819,-99.1265059,0,0,0,1,1,0,0,0,19,6,0.0
2,132003,23.7309245,-99.1451848,0,0,0,1,1,0,0,0,17,2,0.0
3,132004,22.141647100000004,-100.9927118,0,4,0,1,1,0,0,0,19,5,0.0
4,132005,18.922290399999998,-99.234332,0,4,0,2,1,0,1,0,45,6,0.0
5,132005,23.752364800000002,-99.16528790000001,0,4,0,1,0,0,1,0,19,5,0.0
6,132006,23.7521677,-99.16570899999999,0,4,0,1,1,0,0,1,44,1,0.0
7,132007,23.7588052,-99.16512970000001,0,2,0,1,1,1,1,1,21,5,0.0
8,132008,23.760268300000003,-99.16586459999999,0,4,0,1,1,1,1,0,17,2,0.0
9,132009,23.7529035,-99.165076,0,2,0,1,0,0,1,0,17,1,0.0
10,132010,23.7375834,-99.1351318,0,0,0,1,0,0,1,0,21,2,0.0
11,132010,23.752930499999998,-99.1644725,0,0,0,1,1,0,0,0,44,6,0.0
12,132012,23.735523399999998,-99.1295877,0,0,0,1,1,0,0,0,45,2,0.0
13,132012,23.752942800000003,-99.1646791,0,0,0,1,1,0,0,0,44,1,0.0
14,132013,23.7525107,-99.1669536,0,0,0,1,1,0,0,0,17,5,0.0
15,132014,23.736797699999997,-99.1342413,0,0,0,1,1,0,0,0,44,5,0.0
16,132015,23.7526973,-99.1633594,0,0,0,1,1,0,1,0,44,5,0.0
17,132016,23.738212,-99.1519547,0,0,0,1,1,0,0,0,17,6,0.0
18,132017,23.7292162,-99.1323571,0,4,0,0,0,0,1,0,44,1,0.0
19,132018,23.732422600000003,-99.15866020000001,0,0,0,0,1,1,0,1,44,1,0.0
20,132019,23.7318602,-99.1504365,0,4,0,2,0,0,0,0,44,4,0.0
21,132020,22.1489337,-101.01984499999999,2,3,0,1,0,0,0,0,17,5,0.0
22,132021,23.754356899999998,-99.171288,0,0,1,1,1,0,0,1,44,2,0.0
23,132022,23.752707100000002,-99.1625655,0,4,0,1,0,0,1,0,44,5,0.0
24,132023,23.7521965,-99.16663170000001,0,2,0,1,1,0,0,1,45,6,0.0
25,132023,22.1477379,-100.9906163,0,0,0,2,0,0,0,0,44,5,0.0
26,132024,22.153323999999998,-101.0195459,0,0,0,2,0,0,0,0,19,6,0.0
27,132024,18.9101777,-99.2315438,1,0,0,0,0,0,0,0,52,5,0.0
28,132025,18.8820871,-99.1630268,1,2,1,2,0,0,0,1,44,1,0.0
29,132026,18.9257734,-99.2326355,0,4,1,2,0,0,1,0,44,4,0.0
30,132028,18.869992899999996,-99.2103195,1,2,0,0,1,0,0,1,6,8,0.0
31,132028,22.1473922,-100.983092,0,0,0,1,1,0,0,1,19,2,0.0
32,132030,22.1508494,-100.9397522,0,0,0,1,1,0,0,0,45,2,0.0
33,132030,22.156469,-100.98554,0,4,1,0,1,0,0,0,44,5,0.0
34,132031,22.1262926,-100.90077640000001,0,0,0,0,0,0,0,0,4,4,0.0
35,132031,22.142273199999998,-100.94265370000001,0,2,1,0,1,0,0,1,46,8,0.0
36,132031,22.144336499999998,-100.9373825,0,0,0,0,1,0,0,1,61,2,0.0
37,132083,22.136872,-100.9345736,0,4,0,1,1,0,0,0,17,5,0.0
38,132087,22.1378633,-100.9383273,1,0,0,1,0,0,0,0,20,5,0.0
39,132092,22.1513782,-100.97463370000001,1,0,0,1,1,0,0,0,4,2,0.0
40,132094,22.1312917,-100.9371941,0,0,0,1,1,0,0,0,33,5,0.0
41,132096,22.1480965,-101.0173023,0,4,0,1,0,0,1,0,44,1,0.0
42,132097,22.150642899999998,-100.9870148,1,0,1,1,2,0,0,0,20,1,0.0
43,132098,22.141219800000002,-100.93131070000001,0,4,0,1,0,0,0,0,44,2,0.0
44,132100,22.1412384,-100.9239252,0,4,0,0,0,0,0,0,5,8,0.0
45,132100,22.1430781,-100.9354788,0,4,0,0,1,0,0,0,10,6,0.0
46,132101,22.173595499999998,-100.9946027,0,4,0,2,0,0,0,0,5,5,0.0
47,132101,22.1499013,-100.9937793,1,3,0,0,2,0,1,1,10,5,0.0
48,132102,22.135363899999998,-100.93494770000001,0,0,0,1,1,0,0,0,20,5,0.0
49,132103,22.139577600000003,-101.0278863,0,0,0,1,1,0,0,0,6,6,0.0
50,132105,22.1795169,-100.9584358,0,0,0,1,1,0,0,0,45,2,0.0
51,132106,22.150305,-100.98913370000001,1,3,1,1,1,1,0,1,29,6,0.0
52,132107,22.1511348,-100.9823115,0,2,2,1,0,0,0,0,3,2,0.0
53,132108,22.1534997,-100.97624300000001,1,4,0,1,0,0,0,0,3,2,0.0
54,132108,22.1500193,-100.9799203,2,3,0,1,1,1,0,0,25,5,0.0
55,132108,22.1544736,-100.98580909999998,0,4,1,1,1,0,0,0,32,5,0.0
56,132109,22.160380800000002,-100.9880447,0,4,0,2,0,0,1,0,29,6,0.0
57,132109,22.147622,-101.01027490000001,1,0,0,1,1,0,1,0,60,5,0.0
58,132114,22.1449787,-101.0056829,0,0,0,1,1,1,1,0,20,5,0.0
59,132115,18.940828,-99.21542600000001,2,3,0,1,2,0,0,0,26,5,0.0
60,132116,18.916654,-99.22711,0,0,0,0,1,0,0,0,26,2,0.0
61,132118,18.948657,-99.235361,2,3,0,0,2,0,0,0,29,5,0.0
62,132119,18.928798,-99.239513,1,0,2,0,2,0,0,0,29,0,0.0
63,132120,18.932725,-99.225211,1,0,0,0,0,0,0,0,26,0,0.0
64,132121,18.936683,-99.247366,1,3,1,0,2,0,0,0,6,6,0.0
65,132125,18.923429000000002,-99.216413,1,1,0,0,0,0,1,0,4,5,0.0
66,132125,18.915421,-99.184871,0,0,0,0,0,0,0,0,2,6,0.0
67,132126,18.870565,-99.226938,0,0,0,0,0,0,0,0,4,5,0.0
68,132126,18.941859,-99.241927,1,0,0,1,0,0,1,0,2,1,0.0
69,132127,18.910610000000002,-99.169539,0,0,0,0,0,0,1,0,55,6,0.0
70,132128,18.917441,-99.165945,0,0,0,0,1,0,0,0,29,2,0.0
71,132128,18.869347,-99.209944,0,0,0,0,0,0,0,0,22,1,0.0
72,132130,18.859803,-99.222164,2,2,0,1,0,0,0,1,59,1,0.0
73,132131,18.875010999999997,-99.15942199999999,0,0,0,1,1,0,0,0,6,2,0.0
74,132132,18.933537,-99.222497,0,4,0,0,1,0,1,0,33,5,0.0
75,132133,22.14955,-100.97797,0,0,0,0,0,0,0,0,3,6,0.0
76,132136,22.148665,-101.001273,2,0,0,0,2,0,0,0,33,2,0.0
77,132137,22.147145000000002,-100.97449399999999,1,0,0,0,0,0,0,0,33,5,0.0
78,132137,22.146658,-100.987219,1,0,0,0,0,0,0,0,30,6,0.0
79,132138,22.147879999999997,-100.98947199999999,0,0,0,0,0,1,0,0,34,2,0.0
80,132145,22.152480999999998,-100.973486,1,3,0,0,0,0,0,0,30,2,0.0
81,132146,22.14161,-100.97314200000001,0,3,0,0,0,0,0,0,30,5,0.0
82,132147,22.140517000000003,-101.021422,0,0,0,0,0,0,0,0,33,5,0.0
83,132147,22.145813,-101.01803199999999,0,3,0,0,2,0,0,0,30,5,0.0
84,132155,22.155651000000002,-100.977767,0,3,0,0,0,0,0,0,45,2,0.0
85,132155,22.145893,-100.97487,0,3,0,0,1,0,0,0,21,5,0.0
86,132156,22.135617,-100.969709,1,0,0,0,2,0,0,0,44,2,0.0
87,132157,22.15106,-100.977659,1,0,0,0,0,0,0,0,53,0,0.0
88,132159,22.159357,-100.973411,0,0,0,0,0,0,0,0,45,0,0.0
89,132160,22.185756,-100.944518,0,0,0,0,0,0,0,0,44,0,0.0
90,132161,22.141848,-100.997475,0,0,0,0,0,0,0,0,45,0,0.0
91,132161,22.151189000000002,-100.98179,1,0,1,0,2,0,0,0,17,0,0.0
92,132162,22.141282,-101.00295799999999,0,0,0,0,0,0,0,0,17,0,0.0
93,132163,22.150921,-100.99382800000001,1,3,0,0,2,0,0,0,20,0,0.0
94,132164,22.142017000000003,-100.999246,1,0,0,0,2,0,0,0,17,0,0.0
95,132165,22.135011,-101.0286,0,0,0,0,0,0,0,0,17,0,0.0
96,132166,22.174887,-100.970825,1,0,0,0,2,0,0,0,45,0,0.0
97,132166,22.151189000000002,-100.977058,0,3,0,0,1,0,0,0,17,0,0.0
98,132166,22.150980999999998,-100.977412,2,0,0,0,2,0,0,0,44,1,0.0
99,132167,22.178931,-101.012861,0,3,0,0,2,0,0,0,10,0,0.0
100,132171,22.140626,-100.915657,0,0,0,0,2,0,0,0,26,1,0.0
101,132171,22.148854,-101.008472,0,3,0,0,2,0,0,0,14,1,0.0
102,132174,22.145992,-100.955118,1,3,0,0,0,0,0,0,14,0,0.0
103,132175,22.165587,-101.001273,0,0,0,0,0,0,1,0,14,0,0.0
104,132177,22.145108,-100.989547,1,3,0,0,0,0,0,0,58,0,0.0
105,132177,22.156882999999997,-100.97848499999999,0,0,0,0,0,0,0,0,20,0,0.0
106,132177,22.153703,-100.979033,0,0,0,0,0,0,0,0,30,0,0.0
107,132180,22.156724,-100.97555600000001,0,0,0,0,0,0,0,0,6,0,0.0
108,132182,22.154687,-100.996617,0,0,0,0,2,0,0,0,6,1,0.0
109,132182,22.14958,-100.999557,1,3,0,0,2,0,0,0,52,0,0.0
110,132184,22.16835,-100.972466,1,3,0,0,2,0,0,0,6,1,0.0
111,132184,22.140129,-100.944872,1,0,0,0,1,0,0,0,21,1,0.0
112,132186,22.152918,-100.915164,0,0,0,0,0,0,0,0,33,1,0.0
113,132186,22.126375,-100.910926,2,3,0,0,0,0,0,0,6,2,0.0
114,132187,22.149192000000003,-101.002936,0,0,0,0,0,0,0,0,20,2,0.0
115,132187,22.147175,-100.97426899999999,1,3,0,0,2,0,0,0,10,1,0.0
116,132191,22.149689000000002,-100.999525,1,3,0,0,2,0,0,0,43,1,0.0
117,132192,22.139573000000002,-100.991564,0,0,0,0,0,0,0,0,44,0,0.0
118,132201,22.181017,-100.973614,1,0,0,0,2,0,0,0,45,0,0.0
119,132203,22.156376,-100.998355,0,0,0,0,2,0,0,0,44,2,0.0
120,132204,22.145007999999997,-100.997969,0,3,0,0,2,0,0,0,17,2,0.0
121,132206,22.164842,-100.960493,0,0,0,0,0,0,0,0,17,0,0.0
122,132207,22.151448000000002,-100.915099,0,0,0,0,0,0,0,0,17,0,0.0
123,132207,22.150802,-100.98268,0,4,0,0,0,0,0,0,6,2,0.0
124,132208,22.141420999999998,-101.01395500000001,0,4,0,0,0,0,1,0,44,1,0.0
125,132209,18.876011300000002,-99.2198896,0,4,0,0,1,1,0,0,14,2,0.0
126,132210,23.752982100000004,-99.16843409999998,2,4,0,1,0,0,1,0,14,2,0.0
127,132211,22.149708800000003,-100.97609279999999,1,1,0,2,0,0,0,1,45,2,0.0
128,132212,22.136253399999998,-100.93358520000001,0,0,0,1,1,0,0,0,45,2,0.0
129,132213,18.9217848,-99.2353499,1,4,0,0,0,1,0,0,20,1,0.0
130,132214,23.752304100000003,-99.16691329999999,0,2,0,0,1,0,0,1,5,0,0.0
131,132214,23.726819,-99.1265059,0,0,0,1,1,0,0,0,10,2,0.0
132,132215,23.7309245,-99.1451848,0,0,0,1,1,0,0,0,44,0,0.0
133,132216,22.141647100000004,-100.9927118,0,4,0,1,1,0,0,0,33,0,0.0
134,132216,18.922290399999998,-99.234332,0,4,0,2,1,0,1,0,6,2,0.0
135,132217,23.752364800000002,-99.16528790000001,0,4,0,1,0,0,1,0,33,1,0.0
136,132217,23.7521677,-99.16570899999999,0,4,0,1,1,0,0,1,6,1,0.0
137,132218,23.7588052,-99.16512970000001,0,2,0,1,1,1,1,1,44,1,0.0
138,132220,23.760268300000003,-99.16586459999999,0,4,0,1,1,1,1,0,45,1,0.0
139,132221,23.7529035,-99.165076,0,2,0,1,0,0,1,0,5,1,0.0
140,132223,23.7375834,-99.1351318,0,0,0,1,0,0,1,0,34,0,0.0
141,132223,23.752930499999998,-99.1644725,0,0,0,1,1,0,0,0,20,0,0.0
142,132223,23.735523399999998,-99.1295877,0,0,0,1,1,0,0,0,30,1,0.0
143,132225,23.752942800000003,-99.1646791,0,0,0,1,1,0,0,0,14,1,0.0
144,132226,23.7525107,-99.1669536,0,0,0,1,1,0,0,0,5,2,0.0
145,132226,23.736797699999997,-99.1342413,0,0,0,1,1,0,0,0,19,1,0.0
146,132228,23.7526973,-99.1633594,0,0,0,1,1,0,1,0,57,2,0.0
147,132228,23.738212,-99.1519547,0,0,0,1,1,0,0,0,6,0,0.0
148,132229,23.7292162,-99.1323571,0,4,0,0,0,0,1,0,6,1,0.0
149,132230,23.732422600000003,-99.15866020000001,0,0,0,0,1,1,0,1,6,0,0.0
150,132231,23.7318602,-99.1504365,0,4,0,2,0,0,0,0,6,1,0.0
151,132232,22.1489337,-101.01984499999999,2,3,0,1,0,0,0,0,6,1,0.0
152,132233,23.754356899999998,-99.171288,0,0,1,1,1,0,0,1,6,1,0.0
153,132234,23.752707100000002,-99.1625655,0,4,0,1,0,0,1,0,6,0,0.0
154,132235,23.7521965,-99.16663170000001,0,2,0,1,1,0,0,1,5,1,0.0
155,132235,22.1477379,-100.9906163,0,0,0,2,0,0,0,0,7,0,0.0
156,132237,22.153323999999998,-101.0195459,0,0,0,2,0,0,0,0,3,0,0.0
157,132237,18.9101777,-99.2315438,1,0,0,0,0,0,0,0,19,0,0.0
158,132237,18.8820871,-99.1630268,1,2,1,2,0,0,0,1,32,0,0.0
159,132238,18.9257734,-99.2326355,0,4,1,2,0,0,1,0,3,0,0.0
160,132238,18.869992899999996,-99.2103195,1,2,0,0,1,0,0,1,32,4,0.0
161,132239,22.1473922,-100.983092,0,0,0,1,1,0,0,1,7,1,0.0
162,132240,22.1508494,-100.9397522,0,0,0,1,1,0,0,0,5,0,0.0
163,132240,22.156469,-100.98554,0,4,1,0,1,0,0,0,10,1,0.0
164,132242,22.1262926,-100.90077640000001,0,0,0,0,0,0,0,0,53,0,0.0
165,132243,22.142273199999998,-100.94265370000001,0,2,1,0,1,0,0,1,45,1,0.0
166,132243,22.144336499999998,-100.9373825,0,0,0,0,1,0,0,1,6,0,0.0
167,132244,22.136872,-100.9345736,0,4,0,1,1,0,0,0,45,0,0.0
168,132244,22.1378633,-100.9383273,1,0,0,1,0,0,0,0,46,0,0.0
169,132244,22.1513782,-100.97463370000001,1,0,0,1,1,0,0,0,6,0,0.0
170,132245,22.1312917,-100.9371941,0,0,0,1,1,0,0,0,46,1,0.0
171,132246,22.1480965,-101.0173023,0,4,0,1,0,0,1,0,6,0,0.0
172,132246,22.150642899999998,-100.9870148,1,0,1,1,2,0,0,0,21,0,0.0
173,132247,22.141219800000002,-100.93131070000001,0,4,0,1,0,0,0,0,33,0,0.0
174,132249,22.1412384,-100.9239252,0,4,0,0,0,0,0,0,17,0,0.0
175,132250,22.1430781,-100.9354788,0,4,0,0,1,0,0,0,55,1,0.0
176,132253,22.173595499999998,-100.9946027,0,4,0,2,0,0,0,0,16,0,0.0
177,132253,22.1499013,-100.9937793,1,3,0,0,2,0,1,1,43,0,0.0
178,132253,22.135363899999998,-100.93494770000001,0,0,0,1,1,0,0,0,22,1,0.0
179,132255,22.139577600000003,-101.0278863,0,0,0,1,1,0,0,0,38,0,0.0
180,132255,22.1795169,-100.9584358,0,0,0,1,1,0,0,0,10,1,0.0
181,132257,22.150305,-100.98913370000001,1,3,1,1,1,1,0,1,10,0,0.0
182,132258,22.1511348,-100.9823115,0,2,2,1,0,0,0,0,16,0,0.0
183,132258,22.1534997,-100.97624300000001,1,4,0,1,0,0,0,0,43,1,0.0
184,132258,22.1500193,-100.9799203,2,3,0,1,1,1,0,0,19,0,0.0
185,132262,22.1544736,-100.98580909999998,0,4,1,1,1,0,0,0,14,0,0.0
186,132265,22.160380800000002,-100.9880447,0,4,0,2,0,0,1,0,26,0,0.0
187,132266,22.147622,-101.01027490000001,1,0,0,1,1,0,1,0,14,0,0.0
188,132268,22.1449787,-101.0056829,0,0,0,1,1,1,1,0,14,0,0.0
189,132269,18.940828,-99.21542600000001,2,3,0,1,2,0,0,0,14,0,0.0
190,132270,18.916654,-99.22711,0,0,0,0,1,0,0,0,10,0,0.0
191,132271,18.948657,-99.235361,2,3,0,0,2,0,0,0,10,0,0.0
192,132272,18.928798,-99.239513,1,0,2,0,2,0,0,0,11,0,0.0
193,132273,18.932725,-99.225211,1,0,0,0,0,0,0,0,1,0,0.0
194,132273,18.936683,-99.247366,1,3,1,0,2,0,0,0,18,0,0.0
195,132274,18.923429000000002,-99.216413,1,1,0,0,0,0,1,0,2,0,0.0
196,132275,18.915421,-99.184871,0,0,0,0,0,0,0,0,18,0,0.0
197,132280,18.870565,-99.226938,0,0,0,0,0,0,0,0,5,0,0.0
198,132281,18.941859,-99.241927,1,0,0,1,0,0,1,0,10,0,0.0
199,132283,18.910610000000002,-99.169539,0,0,0,0,0,0,1,0,20,0,0.0
200,132284,18.917441,-99.165945,0,0,0,0,1,0,0,0,33,0,0.0
201,132284,18.869347,-99.209944,0,0,0,0,0,0,0,0,6,0,0.0
202,132289,18.859803,-99.222164,2,2,0,1,0,0,0,1,11,0,0.0
203,132289,18.875010999999997,-99.15942199999999,0,0,0,1,1,0,0,0,45,0,0.0
204,132292,18.933537,-99.222497,0,4,0,0,1,0,1,0,20,0,4.0
205,132294,22.14955,-100.97797,0,0,0,0,0,0,0,0,54,2,4.0
206,132295,22.148665,-101.001273,2,0,0,0,2,0,0,0,44,2,4.0
207,132296,22.147145000000002,-100.97449399999999,1,0,0,0,0,0,0,0,41,1,4.0
208,132296,22.146658,-100.987219,1,0,0,0,0,0,0,0,45,1,4.0
209,132296,22.147879999999997,-100.98947199999999,0,0,0,0,0,1,0,0,44,1,4.0
210,132297,22.152480999999998,-100.973486,1,3,0,0,0,0,0,0,45,1,4.0
211,132298,22.14161,-100.97314200000001,0,3,0,0,0,0,0,0,17,1,4.0
212,132299,22.140517000000003,-101.021422,0,0,0,0,0,0,0,0,44,1,4.0
213,132300,22.145813,-101.01803199999999,0,3,0,0,2,0,0,0,33,0,4.0
214,132302,22.155651000000002,-100.977767,0,3,0,0,0,0,0,0,5,1,4.0
215,132302,22.145893,-100.97487,0,3,0,0,1,0,0,0,43,0,4.0
216,132306,22.135617,-100.969709,1,0,0,0,2,0,0,0,13,1,4.0
217,132310,22.15106,-100.977659,1,0,0,0,0,0,0,0,47,1,4.0
218,132312,22.159357,-100.973411,0,0,0,0,0,0,0,0,14,1,4.0
219,132312,22.185756,-100.944518,0,0,0,0,0,0,0,0,35,0,4.0
220,132315,22.141848,-100.997475,0,0,0,0,0,0,0,0,52,1,4.0
221,132316,22.151189000000002,-100.98179,1,0,1,0,2,0,0,0,44,2,4.0
222,132317,22.141282,-101.00295799999999,0,0,0,0,0,0,0,0,45,1,4.0
223,132317,22.150921,-100.99382800000001,1,3,0,0,2,0,0,0,44,2,4.0
224,132318,22.142017000000003,-100.999246,1,0,0,0,2,0,0,0,21,1,4.0
225,132318,22.135011,-101.0286,0,0,0,0,0,0,0,0,20,1,4.0
226,132319,22.174887,-100.970825,1,0,0,0,2,0,0,0,45,2,4.0
227,132319,22.151189000000002,-100.977058,0,3,0,0,1,0,0,0,44,2,4.0
228,132321,22.150980999999998,-100.977412,2,0,0,0,2,0,0,0,17,0,4.0
229,132324,22.178931,-101.012861,0,3,0,0,2,0,0,0,17,2,4.0
230,132326,22.140626,-100.915657,0,0,0,0,2,0,0,0,33,2,4.0
231,132328,22.148854,-101.008472,0,3,0,0,2,0,0,0,33,2,4.0
232,132328,22.145992,-100.955118,1,3,0,0,0,0,0,0,30,2,4.0
233,132329,22.165587,-101.001273,0,0,0,0,0,0,1,0,33,0,4.0
234,132329,22.145108,-100.989547,1,3,0,0,0,0,0,0,30,2,4.0
235,132330,22.156882999999997,-100.97848499999999,0,0,0,0,0,0,0,0,17,2,4.0
236,132331,22.153703,-100.979033,0,0,0,0,0,0,0,0,17,2,4.0
237,132332,22.156724,-100.97555600000001,0,0,0,0,0,0,0,0,17,2,4.0
238,132333,22.154687,-100.996617,0,0,0,0,2,0,0,0,3,0,4.0
239,132333,22.14958,-100.999557,1,3,0,0,2,0,0,0,32,0,4.0
240,132335,22.16835,-100.972466,1,3,0,0,2,0,0,0,10,0,4.0
241,132336,22.140129,-100.944872,1,0,0,0,1,0,0,0,5,0,4.0
242,132337,22.152918,-100.915164,0,0,0,0,0,0,0,0,20,2,4.0
243,132339,22.126375,-100.910926,2,3,0,0,0,0,0,0,5,0,4.0
244,132341,22.149192000000003,-101.002936,0,0,0,0,0,0,0,0,3,0,4.0
245,132341,22.147175,-100.97426899999999,1,3,0,0,2,0,0,0,32,0,4.0
246,132342,22.149689000000002,-100.999525,1,3,0,0,2,0,0,0,6,0,4.0
247,132343,22.139573000000002,-100.991564,0,0,0,0,0,0,0,0,53,2,4.0
248,132344,22.181017,-100.973614,1,0,0,0,2,0,0,0,53,2,4.0
249,132345,22.156376,-100.998355,0,0,0,0,2,0,0,0,53,1,4.0
250,132346,22.145007999999997,-100.997969,0,3,0,0,2,0,0,0,53,0,4.0
251,132347,22.164842,-100.960493,0,0,0,0,0,0,0,0,53,1,4.0
252,132348,22.151448000000002,-100.915099,0,0,0,0,0,0,0,0,53,1,4.0
253,132349,22.150802,-100.98268,0,4,0,0,0,0,0,0,53,1,4.0
254,132350,22.141420999999998,-101.01395500000001,0,4,0,0,0,0,1,0,53,0,4.0
255,132351,18.876011300000002,-99.2198896,0,4,0,0,1,1,0,0,53,0,4.0
256,132352,23.752982100000004,-99.16843409999998,2,4,0,1,0,0,1,0,53,0,4.0
257,132353,22.149708800000003,-100.97609279999999,1,1,0,2,0,0,0,1,53,0,4.0
258,132354,22.136253399999998,-100.93358520000001,0,0,0,1,1,0,0,0,53,1,4.0
259,132355,18.9217848,-99.2353499,1,4,0,0,0,1,0,0,53,0,4.0
260,132356,23.752304100000003,-99.16691329999999,0,2,0,0,1,0,0,1,53,2,4.0
261,132357,23.726819,-99.1265059,0,0,0,1,1,0,0,0,53,1,4.0
262,132358,23.7309245,-99.1451848,0,0,0,1,1,0,0,0,53,2,4.0
263,132359,22.141647100000004,-100.9927118,0,4,0,1,1,0,0,0,53,2,4.0
264,132360,18.922290399999998,-99.234332,0,4,0,2,1,0,1,0,53,2,4.0
265,132361,23.752364800000002,-99.16528790000001,0,4,0,1,0,0,1,0,53,0,4.0
266,132362,23.7521677,-99.16570899999999,0,4,0,1,1,0,0,1,53,2,4.0
267,132363,23.7588052,-99.16512970000001,0,2,0,1,1,1,1,1,53,0,4.0
268,132364,23.760268300000003,-99.16586459999999,0,4,0,1,1,1,1,0,53,0,4.0
269,132365,23.7529035,-99.165076,0,2,0,1,0,0,1,0,53,0,4.0
270,132366,23.7375834,-99.1351318,0,0,0,1,0,0,1,0,53,1,4.0
271,132367,23.752930499999998,-99.1644725,0,0,0,1,1,0,0,0,53,2,4.0
272,132372,23.735523399999998,-99.1295877,0,0,0,1,1,0,0,0,53,1,4.0
273,132377,23.752942800000003,-99.1646791,0,0,0,1,1,0,0,0,53,0,4.0
274,132380,23.7525107,-99.1669536,0,0,0,1,1,0,0,0,33,0,4.0
275,132381,23.736797699999997,-99.1342413,0,0,0,1,1,0,0,0,33,1,4.0
276,132384,23.7526973,-99.1633594,0,0,0,1,1,0,1,0,53,1,4.0
277,132386,23.738212,-99.1519547,0,0,0,1,1,0,0,0,53,0,4.0
278,132387,23.7292162,-99.1323571,0,4,0,0,0,0,1,0,53,2,4.0
279,132389,23.732422600000003,-99.15866020000001,0,0,0,0,1,1,0,1,53,0,4.0
280,132392,23.7318602,-99.1504365,0,4,0,2,0,0,0,0,11,2,4.0
281,132392,22.1489337,-101.01984499999999,2,3,0,1,0,0,0,0,52,6,4.0
282,132393,23.754356899999998,-99.171288,0,0,1,1,1,0,0,1,2,0,4.0
283,132396,23.752707100000002,-99.1625655,0,4,0,1,0,0,1,0,17,0,4.0
284,132398,23.7521965,-99.16663170000001,0,2,0,1,1,0,0,1,44,0,4.0
285,132399,22.1477379,-100.9906163,0,0,0,2,0,0,0,0,20,0,4.0
286,132402,22.153323999999998,-101.0195459,0,0,0,2,0,0,0,0,45,2,4.0
287,132406,18.9101777,-99.2315438,1,0,0,0,0,0,0,0,51,0,4.0
288,132407,18.8820871,-99.1630268,1,2,1,2,0,0,0,1,21,2,4.0
289,132408,18.9257734,-99.2326355,0,4,1,2,0,0,1,0,44,2,4.0
290,132409,18.869992899999996,-99.2103195,1,2,0,0,1,0,0,1,19,0,4.0
291,132410,22.1473922,-100.983092,0,0,0,1,1,0,0,1,10,1,4.0
292,132413,22.1508494,-100.9397522,0,0,0,1,1,0,0,0,5,1,4.0
293,132413,22.156469,-100.98554,0,4,1,0,1,0,0,0,17,0,4.0
294,132414,22.1262926,-100.90077640000001,0,0,0,0,0,0,0,0,26,0,4.0
295,132417,22.142273199999998,-100.94265370000001,0,2,1,0,1,0,0,1,6,1,4.0
296,132417,22.144336499999998,-100.9373825,0,0,0,0,1,0,0,1,21,1,4.0
297,132419,22.136872,-100.9345736,0,4,0,1,1,0,0,0,6,2,4.0
298,132419,22.1378633,-100.9383273,1,0,0,1,0,0,0,0,21,0,4.0
299,132421,22.1513782,-100.97463370000001,1,0,0,1,1,0,0,0,6,1,4.0
300,132425,22.1312917,-100.9371941,0,0,0,1,1,0,0,0,22,0,4.0
301,132429,22.1480965,-101.0173023,0,4,0,1,0,0,1,0,44,0,4.0
302,132430,22.150642899999998,-100.9870148,1,0,1,1,2,0,0,0,6,2,4.0
303,132432,22.141219800000002,-100.93131070000001,0,4,0,1,0,0,0,0,20,0,4.0
304,132433,22.1412384,-100.9239252,0,4,0,0,0,0,0,0,44,2,4.0
305,132434,22.1430781,-100.9354788,0,4,0,0,1,0,0,0,44,2,4.0
306,132435,22.173595499999998,-100.9946027,0,4,0,2,0,0,0,0,44,2,4.0
307,132436,22.1499013,-100.9937793,1,3,0,0,2,0,1,1,17,1,4.0
308,132437,22.135363899999998,-100.93494770000001,0,0,0,1,1,0,0,0,21,4,4.0
309,132438,22.139577600000003,-101.0278863,0,0,0,1,1,0,0,0,21,4,4.0
310,132439,22.1795169,-100.9584358,0,0,0,1,1,0,0,0,45,2,4.0
311,132439,22.150305,-100.98913370000001,1,3,1,1,1,1,0,1,44,4,4.0
312,132440,22.1511348,-100.9823115,0,2,2,1,0,0,0,0,44,1,4.0
313,132441,22.1534997,-100.97624300000001,1,4,0,1,0,0,0,0,44,1,4.0
314,132442,22.1500193,-100.9799203,2,3,0,1,1,1,0,0,45,4,4.0
315,132442,22.1544736,-100.98580909999998,0,4,1,1,1,0,0,0,17,4,4.0
316,132443,22.160380800000002,-100.9880447,0,4,0,2,0,0,1,0,45,4,4.0
317,132443,22.147622,-101.01027490000001,1,0,0,1,1,0,1,0,17,4,4.0
318,132444,22.1449787,-101.0056829,0,0,0,1,1,1,1,0,44,4,4.0
319,132445,18.940828,-99.21542600000001,2,3,0,1,2,0,0,0,20,0,4.0
320,132446,18.916654,-99.22711,0,0,0,0,1,0,0,0,45,0,4.0
321,132447,18.948657,-99.235361,2,3,0,0,2,0,0,0,17,1,4.0
322,132448,18.928798,-99.239513,1,0,2,0,2,0,0,0,44,1,4.0
323,132449,18.932725,-99.225211,1,0,0,0,0,0,0,0,20,6,4.0
324,132449,18.936683,-99.247366,1,3,1,0,2,0,0,0,44,6,4.0
325,132450,18.923429000000002,-99.216413,1,1,0,0,0,0,1,0,44,1,4.0
326,132451,18.915421,-99.184871,0,0,0,0,0,0,0,0,6,0,4.0
327,132452,18.870565,-99.226938,0,0,0,0,0,0,0,0,50,0,4.0
328,132453,18.941859,-99.241927,1,0,0,1,0,0,1,0,50,1,4.0
329,132454,18.910610000000002,-99.169539,0,0,0,0,0,0,1,0,50,1,4.0
330,132455,18.917441,-99.165945,0,0,0,0,1,0,0,0,50,1,4.0
331,132456,18.869347,-99.209944,0,0,0,0,0,0,0,0,50,1,4.0
332,132457,18.859803,-99.222164,2,2,0,1,0,0,0,1,50,2,4.0
333,132458,18.875010999999997,-99.15942199999999,0,0,0,1,1,0,0,0,49,0,4.0
334,132459,18.933537,-99.222497,0,4,0,0,1,0,1,0,44,0,4.0
335,132464,22.14955,-100.97797,0,0,0,0,0,0,0,0,46,1,4.0
336,132468,22.148665,-101.001273,2,0,0,0,2,0,0,0,46,0,4.0
337,132469,22.147145000000002,-100.97449399999999,1,0,0,0,0,0,0,0,46,0,4.0
338,132470,22.146658,-100.987219,1,0,0,0,0,0,0,0,46,1,4.0
339,132474,22.147879999999997,-100.98947199999999,0,0,0,0,0,1,0,0,17,0,4.0
340,132474,22.152480999999998,-100.973486,1,3,0,0,0,0,0,0,36,6,4.0
341,132477,22.14161,-100.97314200000001,0,3,0,0,0,0,0,0,14,6,4.0
342,132478,22.140517000000003,-101.021422,0,0,0,0,0,0,0,0,46,1,4.0
343,132479,22.145813,-101.01803199999999,0,3,0,0,2,0,0,0,46,6,4.0
344,132481,22.155651000000002,-100.977767,0,3,0,0,0,0,0,0,46,1,4.0
345,132482,22.145893,-100.97487,0,3,0,0,1,0,0,0,46,0,4.0
346,132483,22.135617,-100.969709,1,0,0,0,2,0,0,0,39,0,4.0
347,132483,22.15106,-100.977659,1,0,0,0,0,0,0,0,46,1,4.0
348,132483,22.159357,-100.973411,0,0,0,0,0,0,0,0,48,0,4.0
349,132484,22.185756,-100.944518,0,0,0,0,0,0,0,0,6,2,4.0
350,132485,22.141848,-100.997475,0,0,0,0,0,0,0,0,20,0,4.0
351,132487,22.151189000000002,-100.98179,1,0,1,0,2,0,0,0,47,1,4.0
352,132488,22.141282,-101.00295799999999,0,0,0,0,0,0,0,0,2,0,4.0
353,132491,22.150921,-100.99382800000001,1,3,0,0,2,0,0,0,34,0,4.0
354,132491,22.142017000000003,-100.999246,1,0,0,0,2,0,0,0,20,0,4.0
355,132493,22.135011,-101.0286,0,0,0,0,0,0,0,0,19,0,4.0
356,132493,22.174887,-100.970825,1,0,0,0,2,0,0,0,47,0,4.0
357,132493,22.151189000000002,-100.977058,0,3,0,0,1,0,0,0,25,2,4.0
358,132509,22.150980999999998,-100.977412,2,0,0,0,2,0,0,0,45,1,4.0
359,132511,22.178931,-101.012861,0,3,0,0,2,0,0,0,46,0,4.0
360,132513,22.140626,-100.915657,0,0,0,0,2,0,0,0,46,0,4.0
361,132514,22.148854,-101.008472,0,3,0,0,2,0,0,0,44,0,4.0
362,132517,22.145992,-100.955118,1,3,0,0,0,0,0,0,45,0,4.0
363,132518,22.165587,-101.001273,0,0,0,0,0,0,1,0,3,0,4.0
364,132519,22.145108,-100.989547,1,3,0,0,0,0,0,0,3,0,4.0
365,132521,22.156882999999997,-100.97848499999999,0,0,0,0,0,0,0,0,45,0,4.0
366,132521,22.153703,-100.979033,0,0,0,0,0,0,0,0,44,2,4.0
367,132522,22.156724,-100.97555600000001,0,0,0,0,0,0,0,0,17,0,4.0
368,132523,22.154687,-100.996617,0,0,0,0,2,0,0,0,17,0,4.0
369,132524,22.14958,-100.999557,1,3,0,0,2,0,0,0,17,0,4.0
370,132525,22.16835,-100.972466,1,3,0,0,2,0,0,0,17,0,4.0
371,132526,22.140129,-100.944872,1,0,0,0,1,0,0,0,17,0,4.0
372,132527,22.152918,-100.915164,0,0,0,0,0,0,0,0,45,0,4.0
373,132527,22.126375,-100.910926,2,3,0,0,0,0,0,0,44,1,4.0
374,132528,22.149192000000003,-101.002936,0,0,0,0,0,0,0,0,17,1,4.0
375,132529,22.147175,-100.97426899999999,1,3,0,0,2,0,0,0,17,2,4.0
376,132530,22.149689000000002,-100.999525,1,3,0,0,2,0,0,0,20,0,4.0
377,132530,22.139573000000002,-100.991564,0,0,0,0,0,0,0,0,44,1,4.0
378,132531,22.181017,-100.973614,1,0,0,0,2,0,0,0,41,0,4.0
379,132531,22.156376,-100.998355,0,0,0,0,2,0,0,0,44,0,4.0
380,132532,22.145007999999997,-100.997969,0,3,0,0,2,0,0,0,29,0,4.0
381,132533,22.164842,-100.960493,0,0,0,0,0,0,0,0,45,0,4.0
382,132535,22.151448000000002,-100.915099,0,0,0,0,0,0,0,0,17,1,4.0
383,132536,22.150802,-100.98268,0,4,0,0,0,0,0,0,44,1,4.0
384,132537,22.141420999999998,-101.01395500000001,0,4,0,0,0,0,1,0,44,1,4.0
385,132538,18.876011300000002,-99.2198896,0,4,0,0,1,1,0,0,17,4,4.0
386,132539,23.752982100000004,-99.16843409999998,2,4,0,1,0,0,1,0,20,1,4.0
387,132540,22.149708800000003,-100.97609279999999,1,1,0,2,0,0,0,1,44,2,4.0
388,132541,22.136253399999998,-100.93358520000001,0,0,0,1,1,0,0,0,25,1,4.0
389,132542,18.9217848,-99.2353499,1,4,0,0,0,1,0,0,17,1,4.0
390,132543,23.752304100000003,-99.16691329999999,0,2,0,0,1,0,0,1,44,1,4.0
391,132544,23.726819,-99.1265059,0,0,0,1,1,0,0,0,45,2,4.0
392,132545,23.7309245,-99.1451848,0,0,0,1,1,0,0,0,17,1,4.0
393,132546,22.141647100000004,-100.9927118,0,4,0,1,1,0,0,0,17,0,4.0
394,132547,18.922290399999998,-99.234332,0,4,0,2,1,0,1,0,17,2,4.0
395,132548,23.752364800000002,-99.16528790000001,0,4,0,1,0,0,1,0,17,2,4.0
396,132549,23.7521677,-99.16570899999999,0,4,0,1,1,0,0,1,17,0,4.0
397,132550,23.7588052,-99.16512970000001,0,2,0,1,1,1,1,1,6,0,4.0
398,132551,23.760268300000003,-99.16586459999999,0,4,0,1,1,1,1,0,44,4,4.0
399,132555,23.7529035,-99.165076,0,2,0,1,0,0,1,0,17,0,4.0
400,132555,23.7375834,-99.1351318,0,0,0,1,0,0,1,0,43,0,4.0
401,132555,23.752930499999998,-99.1644725,0,0,0,1,1,0,0,0,29,0,4.0
402,132557,23.735523399999998,-99.1295877,0,0,0,1,1,0,0,0,6,0,2.0
403,132560,23.752942800000003,-99.1646791,0,0,0,1,1,0,0,0,36,1,2.0
404,132572,23.7525107,-99.1669536,0,0,0,1,1,0,0,0,16,0,2.0
405,132573,23.736797699999997,-99.1342413,0,0,0,1,1,0,0,0,9,0,2.0
406,132574,23.7526973,-99.1633594,0,0,0,1,1,0,1,0,33,0,2.0
407,132575,23.738212,-99.1519547,0,0,0,1,1,0,0,0,31,0,2.0
408,132576,23.7292162,-99.1323571,0,4,0,0,0,0,1,0,22,2,2.0
409,132577,23.732422600000003,-99.15866020000001,0,0,0,0,1,1,0,1,22,0,2.0
410,132578,23.7318602,-99.1504365,0,4,0,2,0,0,0,0,2,4,2.0
411,132579,22.1489337,-101.01984499999999,2,3,0,1,0,0,0,0,22,1,2.0
412,132580,23.754356899999998,-99.171288,0,0,1,1,1,0,0,1,2,0,2.0
413,132581,23.752707100000002,-99.1625655,0,4,0,1,0,0,1,0,23,0,2.0
414,132582,23.7521965,-99.16663170000001,0,2,0,1,1,0,0,1,34,0,2.0
415,132583,22.1477379,-100.9906163,0,0,0,2,0,0,0,0,5,1,2.0
416,132584,22.153323999999998,-101.0195459,0,0,0,2,0,0,0,0,2,0,2.0
417,132587,18.9101777,-99.2315438,1,0,0,0,0,0,0,0,5,0,2.0
418,132588,18.8820871,-99.1630268,1,2,1,2,0,0,0,1,2,0,2.0
419,132589,18.9257734,-99.2326355,0,4,1,2,0,0,1,0,16,0,2.0
420,132590,18.869992899999996,-99.2103195,1,2,0,0,1,0,0,1,9,0,2.0
421,132591,22.1473922,-100.983092,0,0,0,1,1,0,0,1,2,0,2.0
422,132592,22.1508494,-100.9397522,0,0,0,1,1,0,0,0,2,0,2.0
423,132593,22.156469,-100.98554,0,4,1,0,1,0,0,0,2,2,2.0
424,132594,22.1262926,-100.90077640000001,0,0,0,0,0,0,0,0,2,0,2.0
425,132595,22.142273199999998,-100.94265370000001,0,2,1,0,1,0,0,1,2,0,2.0
426,132596,22.144336499999998,-100.9373825,0,0,0,0,1,0,0,1,2,0,2.0
427,132598,22.136872,-100.9345736,0,4,0,1,1,0,0,0,2,0,2.0
428,132599,22.1378633,-100.9383273,1,0,0,1,0,0,0,0,2,0,2.0
429,132600,22.1513782,-100.97463370000001,1,0,0,1,1,0,0,0,5,0,2.0
430,132601,22.1312917,-100.9371941,0,0,0,1,1,0,0,0,20,0,2.0
431,132602,22.1480965,-101.0173023,0,4,0,1,0,0,1,0,2,0,2.0
432,132603,22.150642899999998,-100.9870148,1,0,1,1,2,0,0,0,2,2,2.0
433,132604,22.141219800000002,-100.93131070000001,0,4,0,1,0,0,0,0,16,0,2.0
434,132605,22.1412384,-100.9239252,0,4,0,0,0,0,0,0,5,0,2.0
435,132606,22.1430781,-100.9354788,0,4,0,0,1,0,0,0,5,0,2.0
436,132607,22.173595499999998,-100.9946027,0,4,0,2,0,0,0,0,2,0,2.0
437,132608,22.1499013,-100.9937793,1,3,0,0,2,0,1,1,2,0,2.0
438,132609,22.135363899999998,-100.93494770000001,0,0,0,1,1,0,0,0,22,0,2.0
439,132610,22.139577600000003,-101.0278863,0,0,0,1,1,0,0,0,2,0,2.0
440,132611,22.1795169,-100.9584358,0,0,0,1,1,0,0,0,2,0,2.0
441,132612,22.150305,-100.98913370000001,1,3,1,1,1,1,0,1,33,0,2.0
442,132613,22.1511348,-100.9823115,0,2,2,1,0,0,0,0,2,0,2.0
443,132614,22.1534997,-100.97624300000001,1,4,0,1,0,0,0,0,2,0,2.0
444,132615,22.1500193,-100.9799203,2,3,0,1,1,1,0,0,2,0,2.0
445,132617,22.1544736,-100.98580909999998,0,4,1,1,1,0,0,0,2,0,2.0
446,132618,22.160380800000002,-100.9880447,0,4,0,2,0,0,1,0,22,0,2.0
447,132619,22.147622,-101.01027490000001,1,0,0,1,1,0,1,0,2,0,2.0
448,132620,22.1449787,-101.0056829,0,0,0,1,1,1,1,0,22,0,2.0
449,132621,18.940828,-99.21542600000001,2,3,0,1,2,0,0,0,2,0,2.0
450,132622,18.916654,-99.22711,0,0,0,0,1,0,0,0,14,0,2.0
451,132623,18.948657,-99.235361,2,3,0,0,2,0,0,0,2,0,2.0
452,132624,18.928798,-99.239513,1,0,2,0,2,0,0,0,2,2,2.0
453,132625,18.932725,-99.225211,1,0,0,0,0,0,0,0,2,0,2.0
454,132626,18.936683,-99.247366,1,3,1,0,2,0,0,0,6,0,2.0
455,132628,18.923429000000002,-99.216413,1,1,0,0,0,0,1,0,6,2,2.0
456,132629,18.915421,-99.184871,0,0,0,0,0,0,0,0,2,0,2.0
457,132630,18.870565,-99.226938,0,0,0,0,0,0,0,0,2,0,2.0
458,132631,18.941859,-99.241927,1,0,0,1,0,0,1,0,2,0,2.0
459,132632,18.910610000000002,-99.169539,0,0,0,0,0,0,1,0,2,0,2.0
460,132634,18.917441,-99.165945,0,0,0,0,1,0,0,0,2,0,2.0
461,132635,18.869347,-99.209944,0,0,0,0,0,0,0,0,5,0,2.0
462,132636,18.859803,-99.222164,2,2,0,1,0,0,0,1,5,0,2.0
463,132637,18.875010999999997,-99.15942199999999,0,0,0,1,1,0,0,0,2,0,2.0
464,132638,18.933537,-99.222497,0,4,0,0,1,0,1,0,5,0,2.0
465,132640,22.14955,-100.97797,0,0,0,0,0,0,0,0,5,0,2.0
466,132642,22.148665,-101.001273,2,0,0,0,2,0,0,0,8,2,2.0
467,132643,22.147145000000002,-100.97449399999999,1,0,0,0,0,0,0,0,2,0,2.0
468,132645,22.146658,-100.987219,1,0,0,0,0,0,0,0,5,0,2.0
469,132646,22.147879999999997,-100.98947199999999,0,0,0,0,0,1,0,0,2,2,2.0
470,132648,22.152480999999998,-100.973486,1,3,0,0,0,0,0,0,8,0,2.0
471,132649,22.14161,-100.97314200000001,0,3,0,0,0,0,0,0,2,0,2.0
472,132650,22.140517000000003,-101.021422,0,0,0,0,0,0,0,0,5,0,2.0
473,132652,22.145813,-101.01803199999999,0,3,0,0,2,0,0,0,2,1,2.0
474,132653,22.155651000000002,-100.977767,0,3,0,0,0,0,0,0,5,1,2.0
475,132655,22.145893,-100.97487,0,3,0,0,1,0,0,0,5,1,2.0
476,132657,22.135617,-100.969709,1,0,0,0,2,0,0,0,2,0,2.0
477,132658,22.15106,-100.977659,1,0,0,0,0,0,0,0,5,0,2.0
478,132662,22.159357,-100.973411,0,0,0,0,0,0,0,0,2,0,2.0
479,132663,22.185756,-100.944518,0,0,0,0,0,0,0,0,2,0,2.0
480,132664,22.141848,-100.997475,0,0,0,0,0,0,0,0,2,0,2.0
481,132665,22.151189000000002,-100.98179,1,0,1,0,2,0,0,0,2,1,2.0
482,132666,22.141282,-101.00295799999999,0,0,0,0,0,0,0,0,2,0,2.0
483,132667,22.150921,-100.99382800000001,1,3,0,0,2,0,0,0,39,0,2.0
484,132668,22.142017000000003,-100.999246,1,0,0,0,2,0,0,0,2,0,2.0
485,132669,22.135011,-101.0286,0,0,0,0,0,0,0,0,2,0,2.0
486,132670,22.174887,-100.970825,1,0,0,0,2,0,0,0,2,2,2.0
487,132671,22.151189000000002,-100.977058,0,3,0,0,1,0,0,0,39,2,2.0
488,132672,22.150980999999998,-100.977412,2,0,0,0,2,0,0,0,2,2,2.0
489,132673,22.178931,-101.012861,0,3,0,0,2,0,0,0,2,1,2.0
490,132674,22.140626,-100.915657,0,0,0,0,2,0,0,0,5,2,2.0
491,132675,22.148854,-101.008472,0,3,0,0,2,0,0,0,2,0,2.0
492,132676,22.145992,-100.955118,1,3,0,0,0,0,0,0,39,0,2.0
493,132677,22.165587,-101.001273,0,0,0,0,0,0,1,0,2,0,2.0
494,132678,22.145108,-100.989547,1,3,0,0,0,0,0,0,2,0,2.0
495,132679,22.156882999999997,-100.97848499999999,0,0,0,0,0,0,0,0,5,0,2.0
496,132680,22.153703,-100.979033,0,0,0,0,0,0,0,0,2,0,2.0
497,132681,22.156724,-100.97555600000001,0,0,0,0,0,0,0,0,2,0,2.0
498,132682,22.154687,-100.996617,0,0,0,0,2,0,0,0,5,0,2.0
499,132683,22.14958,-100.999557,1,3,0,0,2,0,0,0,5,0,2.0
500,132684,22.16835,-100.972466,1,3,0,0,2,0,0,0,5,0,2.0
501,132685,22.140129,-100.944872,1,0,0,0,1,0,0,0,41,0,2.0
502,132686,22.152918,-100.915164,0,0,0,0,0,0,0,0,42,0,2.0
503,132687,22.126375,-100.910926,2,3,0,0,0,0,0,0,3,0,2.0
504,132688,22.149192000000003,-101.002936,0,0,0,0,0,0,0,0,2,0,2.0
505,132689,22.147175,-100.97426899999999,1,3,0,0,2,0,0,0,5,0,2.0
506,132690,22.149689000000002,-100.999525,1,3,0,0,2,0,0,0,2,0,2.0
507,132691,22.139573000000002,-100.991564,0,0,0,0,0,0,0,0,2,0,2.0
508,132692,22.181017,-100.973614,1,0,0,0,2,0,0,0,2,0,2.0
509,132693,22.156376,-100.998355,0,0,0,0,2,0,0,0,12,0,2.0
510,132694,22.145007999999997,-100.997969,0,3,0,0,2,0,0,0,2,0,2.0
511,132695,22.164842,-100.960493,0,0,0,0,0,0,0,0,2,0,2.0
512,132696,22.151448000000002,-100.915099,0,0,0,0,0,0,0,0,2,0,2.0
513,132697,22.150802,-100.98268,0,4,0,0,0,0,0,0,2,2,2.0
514,132698,22.141420999999998,-101.01395500000001,0,4,0,0,0,0,1,0,2,0,2.0
515,132699,18.876011300000002,-99.2198896,0,4,0,0,1,1,0,0,2,0,2.0
516,132700,23.752982100000004,-99.16843409999998,2,4,0,1,0,0,1,0,2,0,2.0
517,132701,22.149708800000003,-100.97609279999999,1,1,0,2,0,0,0,1,2,0,2.0
518,132702,22.136253399999998,-100.93358520000001,0,0,0,1,1,0,0,0,2,0,2.0
519,132703,18.9217848,-99.2353499,1,4,0,0,0,1,0,0,2,0,2.0
520,132704,23.752304100000003,-99.16691329999999,0,2,0,0,1,0,0,1,2,0,2.0
521,132705,23.726819,-99.1265059,0,0,0,1,1,0,0,0,2,0,2.0
522,132706,23.7309245,-99.1451848,0,0,0,1,1,0,0,0,2,0,2.0
523,132707,22.141647100000004,-100.9927118,0,4,0,1,1,0,0,0,2,0,2.0
524,132708,18.922290399999998,-99.234332,0,4,0,2,1,0,1,0,2,1,2.0
525,132709,23.752364800000002,-99.16528790000001,0,4,0,1,0,0,1,0,2,1,2.0
526,132710,23.7521677,-99.16570899999999,0,4,0,1,1,0,0,1,2,1,2.0
527,132711,23.7588052,-99.16512970000001,0,2,0,1,1,1,1,1,2,0,2.0
528,132712,23.760268300000003,-99.16586459999999,0,4,0,1,1,1,1,0,2,0,2.0
529,132713,23.7529035,-99.165076,0,2,0,1,0,0,1,0,5,0,2.0
530,132714,23.7375834,-99.1351318,0,0,0,1,0,0,1,0,2,2,2.0
531,132715,23.752930499999998,-99.1644725,0,0,0,1,1,0,0,0,2,0,2.0
532,132717,23.735523399999998,-99.1295877,0,0,0,1,1,0,0,0,22,0,2.0
533,132718,23.752942800000003,-99.1646791,0,0,0,1,1,0,0,0,9,0,2.0
534,132719,23.7525107,-99.1669536,0,0,0,1,1,0,0,0,9,0,2.0
535,132723,23.736797699999997,-99.1342413,0,0,0,1,1,0,0,0,2,0,2.0
536,132724,23.7526973,-99.1633594,0,0,0,1,1,0,1,0,5,0,2.0
537,132725,23.738212,-99.1519547,0,0,0,1,1,0,0,0,22,0,2.0
538,132732,23.7292162,-99.1323571,0,4,0,0,0,0,1,0,2,0,2.0
539,132733,23.732422600000003,-99.15866020000001,0,0,0,0,1,1,0,1,33,0,2.0
540,132734,23.7318602,-99.1504365,0,4,0,2,0,0,0,0,33,0,2.0
541,132735,22.1489337,-101.01984499999999,2,3,0,1,0,0,0,0,2,0,2.0
542,132736,23.754356899999998,-99.171288,0,0,1,1,1,0,0,1,40,0,2.0
543,132737,23.752707100000002,-99.1625655,0,4,0,1,0,0,1,0,2,0,2.0
544,132738,23.7521965,-99.16663170000001,0,2,0,1,1,0,0,1,9,0,2.0
545,132739,22.1477379,-100.9906163,0,0,0,2,0,0,0,0,2,1,2.0
546,132740,22.153323999999998,-101.0195459,0,0,0,2,0,0,0,0,2,0,2.0
547,132741,18.9101777,-99.2315438,1,0,0,0,0,0,0,0,2,0,2.0
548,132742,18.8820871,-99.1630268,1,2,1,2,0,0,0,1,2,0,2.0
549,132743,18.9257734,-99.2326355,0,4,1,2,0,0,1,0,2,0,2.0
550,132744,18.869992899999996,-99.2103195,1,2,0,0,1,0,0,1,2,0,2.0
551,132745,22.1473922,-100.983092,0,0,0,1,1,0,0,1,5,2,2.0
552,132746,22.1508494,-100.9397522,0,0,0,1,1,0,0,0,2,0,2.0
553,132747,22.156469,-100.98554,0,4,1,0,1,0,0,0,14,0,2.0
554,132748,22.1262926,-100.90077640000001,0,0,0,0,0,0,0,0,2,0,2.0
555,132749,22.142273199999998,-100.94265370000001,0,2,1,0,1,0,0,1,2,0,2.0
556,132750,22.144336499999998,-100.9373825,0,0,0,0,1,0,0,1,7,0,2.0
557,132751,22.136872,-100.9345736,0,4,0,1,1,0,0,0,7,0,2.0
558,132752,22.1378633,-100.9383273,1,0,0,1,0,0,0,0,16,0,2.0
559,132753,22.1513782,-100.97463370000001,1,0,0,1,1,0,0,0,2,1,2.0
560,132754,22.1312917,-100.9371941,0,0,0,1,1,0,0,0,2,1,2.0
561,132755,22.1480965,-101.0173023,0,4,0,1,0,0,1,0,2,1,2.0
562,132756,22.150642899999998,-100.9870148,1,0,1,1,2,0,0,0,6,1,2.0
563,132757,22.141219800000002,-100.93131070000001,0,4,0,1,0,0,0,0,2,1,2.0
564,132758,22.1412384,-100.9239252,0,4,0,0,0,0,0,0,2,1,2.0
565,132760,22.1430781,-100.9354788,0,4,0,0,1,0,0,0,2,0,2.0
566,132761,22.173595499999998,-100.9946027,0,4,0,2,0,0,0,0,2,0,2.0
567,132763,22.1499013,-100.9937793,1,3,0,0,2,0,1,1,2,1,2.0
568,132764,22.135363899999998,-100.93494770000001,0,0,0,1,1,0,0,0,2,4,2.0
569,132765,22.139577600000003,-101.0278863,0,0,0,1,1,0,0,0,2,1,2.0
570,132766,22.1795169,-100.9584358,0,0,0,1,1,0,0,0,3,1,2.0
571,132767,22.150305,-100.98913370000001,1,3,1,1,1,1,0,1,35,1,2.0
572,132768,22.1511348,-100.9823115,0,2,2,1,0,0,0,0,4,0,2.0
573,132769,22.1534997,-100.97624300000001,1,4,0,1,0,0,0,0,2,0,2.0
574,132770,22.1500193,-100.9799203,2,3,0,1,1,1,0,0,1,0,2.0
575,132771,22.1544736,-100.98580909999998,0,4,1,1,1,0,0,0,3,0,2.0
576,132772,22.160380800000002,-100.9880447,0,4,0,2,0,0,1,0,2,1,2.0
577,132773,22.147622,-101.01027490000001,1,0,0,1,1,0,1,0,4,1,2.0
578,132773,22.1449787,-101.0056829,0,0,0,1,1,1,1,0,2,1,2.0
579,132774,18.940828,-99.21542600000001,2,3,0,1,2,0,0,0,5,1,2.0
580,132774,18.916654,-99.22711,0,0,0,0,1,0,0,0,34,0,2.0
581,132774,18.948657,-99.235361,2,3,0,0,2,0,0,0,13,4,2.0
582,132774,18.928798,-99.239513,1,0,2,0,2,0,0,0,7,1,2.0
583,132774,18.932725,-99.225211,1,0,0,0,0,0,0,0,20,1,2.0
584,132774,18.936683,-99.247366,1,3,1,0,2,0,0,0,16,1,2.0
585,132774,18.923429000000002,-99.216413,1,1,0,0,0,0,1,0,31,1,2.0
586,132774,18.915421,-99.184871,0,0,0,0,0,0,0,0,4,0,2.0
587,132774,18.870565,-99.226938,0,0,0,0,0,0,0,0,2,0,2.0
588,132775,18.941859,-99.241927,1,0,0,1,0,0,1,0,2,0,2.0
589,132776,18.910610000000002,-99.169539,0,0,0,0,0,0,1,0,2,1,2.0
590,132777,18.917441,-99.165945,0,0,0,0,1,0,0,0,2,0,2.0
591,132778,18.869347,-99.209944,0,0,0,0,0,0,0,0,2,1,2.0
592,132779,18.859803,-99.222164,2,2,0,1,0,0,0,1,2,0,2.0
593,132781,18.875010999999997,-99.15942199999999,0,0,0,1,1,0,0,0,2,0,2.0
594,132782,18.933537,-99.222497,0,4,0,0,1,0,1,0,4,1,2.0
595,132783,22.14955,-100.97797,0,0,0,0,0,0,0,0,17,0,2.0
596,132784,22.148665,-101.001273,2,0,0,0,2,0,0,0,6,1,2.0
597,132785,22.147145000000002,-100.97449399999999,1,0,0,0,0,0,0,0,2,0,2.0
598,132786,22.146658,-100.987219,1,0,0,0,0,0,0,0,17,0,2.0
599,132787,22.147879999999997,-100.98947199999999,0,0,0,0,0,1,0,0,17,1,2.0
600,132788,22.152480999999998,-100.973486,1,3,0,0,0,0,0,0,5,0,2.0
601,132789,22.14161,-100.97314200000001,0,3,0,0,0,0,0,0,2,1,2.0
602,132790,22.140517000000003,-101.021422,0,0,0,0,0,0,0,0,17,0,2.0
603,132791,22.145813,-101.01803199999999,0,3,0,0,2,0,0,0,2,0,2.0
604,132792,22.155651000000002,-100.977767,0,3,0,0,0,0,0,0,17,0,2.0
605,132793,22.145893,-100.97487,0,3,0,0,1,0,0,0,2,0,2.0
606,132794,22.135617,-100.969709,1,0,0,0,2,0,0,0,29,0,2.0
607,132795,22.15106,-100.977659,1,0,0,0,0,0,0,0,5,0,2.0
608,132796,22.159357,-100.973411,0,0,0,0,0,0,0,0,5,0,2.0
609,132797,22.185756,-100.944518,0,0,0,0,0,0,0,0,16,0,2.0
610,132798,22.141848,-100.997475,0,0,0,0,0,0,0,0,2,0,2.0
611,132799,22.151189000000002,-100.98179,1,0,1,0,2,0,0,0,39,1,2.0
612,132801,22.141282,-101.00295799999999,0,0,0,0,0,0,0,0,2,0,2.0
613,132802,22.150921,-100.99382800000001,1,3,0,0,2,0,0,0,14,1,2.0
614,132803,22.142017000000003,-100.999246,1,0,0,0,2,0,0,0,14,2,2.0
615,132804,22.135011,-101.0286,0,0,0,0,0,0,0,0,12,0,2.0
616,132805,22.174887,-100.970825,1,0,0,0,2,0,0,0,2,0,2.0
617,132806,22.151189000000002,-100.977058,0,3,0,0,1,0,0,0,2,1,2.0
618,132807,22.150980999999998,-100.977412,2,0,0,0,2,0,0,0,16,0,2.0
619,132810,22.178931,-101.012861,0,3,0,0,2,0,0,0,29,0,3.0
620,132811,22.140626,-100.915657,0,0,0,0,2,0,0,0,17,0,3.0
621,132825,22.148854,-101.008472,0,3,0,0,2,0,0,0,2,0,3.0
622,132827,22.145992,-100.955118,1,3,0,0,0,0,0,0,2,0,3.0
623,132828,22.165587,-101.001273,0,0,0,0,0,0,1,0,2,0,3.0
624,132829,22.145108,-100.989547,1,3,0,0,0,0,0,0,2,1,3.0
625,132833,22.156882999999997,-100.97848499999999,0,0,0,0,0,0,0,0,2,2,3.0
626,132834,22.153703,-100.979033,0,0,0,0,0,0,0,0,2,0,3.0
627,132835,22.156724,-100.97555600000001,0,0,0,0,0,0,0,0,2,0,3.0
628,132836,22.154687,-100.996617,0,0,0,0,2,0,0,0,2,1,3.0
629,132837,22.14958,-100.999557,1,3,0,0,2,0,0,0,2,1,3.0
630,132838,22.16835,-100.972466,1,3,0,0,2,0,0,0,2,1,3.0
631,132839,22.140129,-100.944872,1,0,0,0,1,0,0,0,2,0,3.0
632,132840,22.152918,-100.915164,0,0,0,0,0,0,0,0,2,1,3.0
633,132841,22.126375,-100.910926,2,3,0,0,0,0,0,0,2,1,3.0
634,132842,22.149192000000003,-101.002936,0,0,0,0,0,0,0,0,2,0,3.0
635,132843,22.147175,-100.97426899999999,1,3,0,0,2,0,0,0,2,0,3.0
636,132845,22.149689000000002,-100.999525,1,3,0,0,2,0,0,0,2,0,3.0
637,132846,22.139573000000002,-100.991564,0,0,0,0,0,0,0,0,17,0,3.0
638,132851,22.181017,-100.973614,1,0,0,0,2,0,0,0,5,1,3.0
639,132851,22.156376,-100.998355,0,0,0,0,2,0,0,0,38,1,3.0
640,132852,22.145007999999997,-100.997969,0,3,0,0,2,0,0,0,18,1,3.0
641,132852,22.164842,-100.960493,0,0,0,0,0,0,0,0,2,1,3.0
642,132853,22.151448000000002,-100.915099,0,0,0,0,0,0,0,0,22,0,3.0
643,132854,22.150802,-100.98268,0,4,0,0,0,0,0,0,17,1,3.0
644,132855,22.141420999999998,-101.01395500000001,0,4,0,0,0,0,1,0,2,0,3.0
645,132856,18.876011300000002,-99.2198896,0,4,0,0,1,1,0,0,6,0,3.0
646,132857,23.752982100000004,-99.16843409999998,2,4,0,1,0,0,1,0,17,1,3.0
647,132858,22.149708800000003,-100.97609279999999,1,1,0,2,0,0,0,1,7,1,3.0
648,132859,22.136253399999998,-100.93358520000001,0,0,0,1,1,0,0,0,17,1,3.0
649,132860,18.9217848,-99.2353499,1,4,0,0,0,1,0,0,17,0,3.0
650,132861,23.752304100000003,-99.16691329999999,0,2,0,0,1,0,0,1,7,1,3.0
651,132862,23.726819,-99.1265059,0,0,0,1,1,0,0,0,17,2,3.0
652,132863,23.7309245,-99.1451848,0,0,0,1,1,0,0,0,17,1,3.0
653,132864,22.141647100000004,-100.9927118,0,4,0,1,1,0,0,0,2,0,3.0
654,132865,18.922290399999998,-99.234332,0,4,0,2,1,0,1,0,2,1,3.0
655,132866,23.752364800000002,-99.16528790000001,0,4,0,1,0,0,1,0,34,1,3.0
656,132866,23.7521677,-99.16570899999999,0,4,0,1,1,0,0,1,16,0,3.0
657,132867,23.7588052,-99.16512970000001,0,2,0,1,1,1,1,1,12,1,3.0
658,132867,23.760268300000003,-99.16586459999999,0,4,0,1,1,1,1,0,2,0,3.0
659,132868,23.7529035,-99.165076,0,2,0,1,0,0,1,0,2,1,3.0
660,132869,23.7375834,-99.1351318,0,0,0,1,0,0,1,0,33,0,3.0
661,132870,23.752930499999998,-99.1644725,0,0,0,1,1,0,0,0,7,1,3.0
662,132871,23.735523399999998,-99.1295877,0,0,0,1,1,0,0,0,2,1,3.0
663,132872,23.752942800000003,-99.1646791,0,0,0,1,1,0,0,0,5,1,3.0
664,132873,23.7525107,-99.1669536,0,0,0,1,1,0,0,0,5,1,3.0
665,132875,23.736797699999997,-99.1342413,0,0,0,1,1,0,0,0,3,0,3.0
666,132885,23.7526973,-99.1633594,0,0,0,1,1,0,1,0,16,1,3.0
667,132886,23.738212,-99.1519547,0,0,0,1,1,0,0,0,5,2,3.0
668,132887,23.7292162,-99.1323571,0,4,0,0,0,0,1,0,6,1,3.0
669,132888,23.732422600000003,-99.15866020000001,0,0,0,0,1,1,0,1,37,1,3.0
670,132889,23.7318602,-99.1504365,0,4,0,2,0,0,0,0,2,1,3.0
671,132890,22.1489337,-101.01984499999999,2,3,0,1,0,0,0,0,2,1,3.0
672,132891,23.754356899999998,-99.171288,0,0,1,1,1,0,0,1,2,0,3.0
673,132892,23.752707100000002,-99.1625655,0,4,0,1,0,0,1,0,14,0,3.0
674,132893,23.7521965,-99.16663170000001,0,2,0,1,1,0,0,1,2,0,3.0
675,132894,22.1477379,-100.9906163,0,0,0,2,0,0,0,0,2,0,3.0
676,132895,22.153323999999998,-101.0195459,0,0,0,2,0,0,0,0,2,1,3.0
677,132896,18.9101777,-99.2315438,1,0,0,0,0,0,0,0,2,2,3.0
678,132897,18.8820871,-99.1630268,1,2,1,2,0,0,0,1,2,1,3.0
679,132899,18.9257734,-99.2326355,0,4,1,2,0,0,1,0,2,2,3.0
680,132900,18.869992899999996,-99.2103195,1,2,0,0,1,0,0,1,2,1,3.0
681,132901,22.1473922,-100.983092,0,0,0,1,1,0,0,1,36,2,3.0
682,132902,22.1508494,-100.9397522,0,0,0,1,1,0,0,0,2,6,3.0
683,132903,22.156469,-100.98554,0,4,1,0,1,0,0,0,2,0,3.0
684,132904,22.1262926,-100.90077640000001,0,0,0,0,0,0,0,0,2,1,3.0
685,132906,22.142273199999998,-100.94265370000001,0,2,1,0,1,0,0,1,2,2,3.0
686,132907,22.144336499999998,-100.9373825,0,0,0,0,1,0,0,1,2,1,3.0
687,132908,22.136872,-100.9345736,0,4,0,1,1,0,0,0,2,4,3.0
688,132909,22.1378633,-100.9383273,1,0,0,1,0,0,0,0,2,4,3.0
689,132910,22.1513782,-100.97463370000001,1,0,0,1,1,0,0,0,2,0,3.0
690,132911,22.1312917,-100.9371941,0,0,0,1,1,0,0,0,2,2,3.0
691,132912,22.1480965,-101.0173023,0,4,0,1,0,0,1,0,2,4,3.0
692,132913,22.150642899999998,-100.9870148,1,0,1,1,2,0,0,0,2,4,3.0
693,132914,22.141219800000002,-100.93131070000001,0,4,0,1,0,0,0,0,2,1,3.0
694,132915,22.1412384,-100.9239252,0,4,0,0,0,0,0,0,2,0,3.0
695,132916,22.1430781,-100.9354788,0,4,0,0,1,0,0,0,5,0,3.0
696,132917,22.173595499999998,-100.9946027,0,4,0,2,0,0,0,0,5,0,3.0
697,132917,22.1499013,-100.9937793,1,3,0,0,2,0,1,1,2,0,3.0
698,132918,22.135363899999998,-100.93494770000001,0,0,0,1,1,0,0,0,2,0,3.0
699,132919,22.139577600000003,-101.0278863,0,0,0,1,1,0,0,0,2,0,3.0
700,132920,22.1795169,-100.9584358,0,0,0,1,1,0,0,0,2,2,3.0
701,132921,22.150305,-100.98913370000001,1,3,1,1,1,1,0,1,12,5,3.0
702,132922,22.1511348,-100.9823115,0,2,2,1,0,0,0,0,16,6,3.0
703,132923,22.1534997,-100.97624300000001,1,4,0,1,0,0,0,0,4,2,3.0
704,132924,22.1500193,-100.9799203,2,3,0,1,1,1,0,0,33,5,3.0
705,132925,22.1544736,-100.98580909999998,0,4,1,1,1,0,0,0,2,6,3.0
706,132926,22.160380800000002,-100.9880447,0,4,0,2,0,0,1,0,2,5,3.0
707,132927,22.147622,-101.01027490000001,1,0,0,1,1,0,1,0,2,1,3.0
708,132928,22.1449787,-101.0056829,0,0,0,1,1,1,1,0,2,5,3.0
709,132929,18.940828,-99.21542600000001,2,3,0,1,2,0,0,0,2,2,3.0
710,132930,18.916654,-99.22711,0,0,0,0,1,0,0,0,2,1,3.0
711,132932,18.948657,-99.235361,2,3,0,0,2,0,0,0,2,2,3.0
712,132933,18.928798,-99.239513,1,0,2,0,2,0,0,0,5,6,3.0
713,132934,18.932725,-99.225211,1,0,0,0,0,0,0,0,2,2,3.0
714,132935,18.936683,-99.247366,1,3,1,0,2,0,0,0,2,1,3.0
715,132936,18.923429000000002,-99.216413,1,1,0,0,0,0,1,0,2,5,3.0
716,132937,18.915421,-99.184871,0,0,0,0,0,0,0,0,12,5,3.0
717,132938,18.870565,-99.226938,0,0,0,0,0,0,0,0,2,5,3.0
718,132939,18.941859,-99.241927,1,0,0,1,0,0,1,0,2,6,3.0
719,132940,18.910610000000002,-99.169539,0,0,0,0,0,0,1,0,7,1,3.0
720,132941,18.917441,-99.165945,0,0,0,0,1,0,0,0,2,1,3.0
721,132942,18.869347,-99.209944,0,0,0,0,0,0,0,0,2,4,3.0
722,132943,18.859803,-99.222164,2,2,0,1,0,0,0,1,2,5,3.0
723,132945,18.875010999999997,-99.15942199999999,0,0,0,1,1,0,0,0,2,2,3.0
724,132946,18.933537,-99.222497,0,4,0,0,1,0,1,0,2,5,3.0
725,132947,22.14955,-100.97797,0,0,0,0,0,0,0,0,2,6,3.0
726,132948,22.148665,-101.001273,2,0,0,0,2,0,0,0,2,5,3.0
727,132950,22.147145000000002,-100.97449399999999,1,0,0,0,0,0,0,0,2,6,3.0
728,132951,22.146658,-100.987219,1,0,0,0,0,0,0,0,5,5,3.0
729,132953,22.147879999999997,-100.98947199999999,0,0,0,0,0,1,0,0,2,1,3.0
730,132954,22.152480999999998,-100.973486,1,3,0,0,0,0,0,0,13,4,3.0
731,132955,22.14161,-100.97314200000001,0,3,0,0,0,0,0,0,10,8,3.0
732,132956,22.140517000000003,-101.021422,0,0,0,0,0,0,0,0,8,2,3.0
733,132957,22.145813,-101.01803199999999,0,3,0,0,2,0,0,0,5,2,3.0
734,132958,22.155651000000002,-100.977767,0,3,0,0,0,0,0,0,5,5,3.0
735,132959,22.145893,-100.97487,0,3,0,0,1,0,0,0,2,4,3.0
736,132960,22.135617,-100.969709,1,0,0,0,2,0,0,0,2,8,3.0
737,132961,22.15106,-100.977659,1,0,0,0,0,0,0,0,2,2,3.0
738,132962,22.159357,-100.973411,0,0,0,0,0,0,0,0,7,5,3.0
739,132962,22.185756,-100.944518,0,0,0,0,0,0,0,0,9,5,3.0
740,132963,22.141848,-100.997475,0,0,0,0,0,0,0,0,2,2,3.0
741,132964,22.151189000000002,-100.98179,1,0,1,0,2,0,0,0,12,5,3.0
742,132965,22.141282,-101.00295799999999,0,0,0,0,0,0,0,0,12,1,3.0
743,132966,22.150921,-100.99382800000001,1,3,0,0,2,0,0,0,12,1,3.0
744,132967,22.142017000000003,-100.999246,1,0,0,0,2,0,0,0,12,2,3.0
745,132968,22.135011,-101.0286,0,0,0,0,0,0,0,0,12,8,3.0
746,132969,22.174887,-100.970825,1,0,0,0,2,0,0,0,12,6,3.0
747,132970,22.151189000000002,-100.977058,0,3,0,0,1,0,0,0,5,5,3.0
748,132971,22.150980999999998,-100.977412,2,0,0,0,2,0,0,0,2,5,3.0
749,132972,22.178931,-101.012861,0,3,0,0,2,0,0,0,2,5,3.0
750,132973,22.140626,-100.915657,0,0,0,0,2,0,0,0,2,6,3.0
751,132980,22.148854,-101.008472,0,3,0,0,2,0,0,0,2,2,3.0
752,132985,22.145992,-100.955118,1,3,0,0,0,0,0,0,2,6,3.0
753,132986,22.165587,-101.001273,0,0,0,0,0,0,1,0,2,2,3.0
754,132992,22.145108,-100.989547,1,3,0,0,0,0,0,0,5,2,3.0
755,132993,22.156882999999997,-100.97848499999999,0,0,0,0,0,0,0,0,2,5,3.0
756,132994,22.153703,-100.979033,0,0,0,0,0,0,0,0,5,5,3.0
757,132995,22.156724,-100.97555600000001,0,0,0,0,0,0,0,0,5,6,3.0
758,132996,22.154687,-100.996617,0,0,0,0,2,0,0,0,2,5,3.0
759,133000,22.14958,-100.999557,1,3,0,0,2,0,0,0,4,5,3.0
760,133007,22.16835,-100.972466,1,3,0,0,2,0,0,0,5,5,3.0
761,133008,22.140129,-100.944872,1,0,0,0,1,0,0,0,5,2,3.0
762,133009,22.152918,-100.915164,0,0,0,0,0,0,0,0,5,5,3.0
763,133010,22.126375,-100.910926,2,3,0,0,0,0,0,0,6,0,3.0
764,133014,22.149192000000003,-101.002936,0,0,0,0,0,0,0,0,11,0,3.0
765,133020,22.147175,-100.97426899999999,1,3,0,0,2,0,0,0,5,6,3.0
766,133026,22.149689000000002,-100.999525,1,3,0,0,2,0,0,0,4,5,3.0
767,133027,22.139573000000002,-100.991564,0,0,0,0,0,0,0,0,16,6,3.0
768,133028,22.181017,-100.973614,1,0,0,0,2,0,0,0,2,5,3.0
769,133029,22.156376,-100.998355,0,0,0,0,2,0,0,0,12,1,3.0
770,133030,22.145007999999997,-100.997969,0,3,0,0,2,0,0,0,4,6,3.0
771,133031,22.164842,-100.960493,0,0,0,0,0,0,0,0,2,2,3.0
772,133032,22.151448000000002,-100.915099,0,0,0,0,0,0,0,0,2,1,3.0
773,133033,22.150802,-100.98268,0,4,0,0,0,0,0,0,5,1,3.0
774,133034,22.141420999999998,-101.01395500000001,0,4,0,0,0,0,1,0,2,2,3.0
775,133035,18.876011300000002,-99.2198896,0,4,0,0,1,1,0,0,15,5,3.0
776,133036,23.752982100000004,-99.16843409999998,2,4,0,1,0,0,1,0,4,6,3.0
777,133037,22.149708800000003,-100.97609279999999,1,1,0,2,0,0,0,1,2,2,3.0
778,133038,22.136253399999998,-100.93358520000001,0,0,0,1,1,0,0,0,16,5,3.0
779,133039,18.9217848,-99.2353499,1,4,0,0,0,1,0,0,4,6,3.0
780,133043,23.752304100000003,-99.16691329999999,0,2,0,0,1,0,0,1,17,2,3.0
781,133047,23.726819,-99.1265059,0,0,0,1,1,0,0,0,5,2,3.0
782,133048,23.7309245,-99.1451848,0,0,0,1,1,0,0,0,2,5,3.0
783,133049,22.141647100000004,-100.9927118,0,4,0,1,1,0,0,0,18,5,3.0
784,134971,18.922290399999998,-99.234332,0,4,0,2,1,0,1,0,2,5,1.0
785,134972,23.752364800000002,-99.16528790000001,0,4,0,1,0,0,1,0,20,2,1.0
786,134972,23.7521677,-99.16570899999999,0,4,0,1,1,0,0,1,16,5,1.0
787,134973,23.7588052,-99.16512970000001,0,2,0,1,1,1,1,1,2,2,1.0
788,134976,23.760268300000003,-99.16586459999999,0,4,0,1,1,1,1,0,2,0,1.0
789,134976,23.7529035,-99.165076,0,2,0,1,0,0,1,0,21,0,1.0
790,134976,23.7375834,-99.1351318,0,0,0,1,0,0,1,0,7,0,1.0
791,134980,23.752930499999998,-99.1644725,0,0,0,1,1,0,0,0,19,0,1.0
792,134981,23.735523399999998,-99.1295877,0,0,0,1,1,0,0,0,6,0,1.0
793,134982,23.752942800000003,-99.1646791,0,0,0,1,1,0,0,0,12,0,1.0
794,134982,23.7525107,-99.1669536,0,0,0,1,1,0,0,0,10,0,1.0
795,134983,23.736797699999997,-99.1342413,0,0,0,1,1,0,0,0,12,0,1.0
796,134983,23.7526973,-99.1633594,0,0,0,1,1,0,1,0,10,0,1.0
797,134984,23.738212,-99.1519547,0,0,0,1,1,0,0,0,6,0,1.0
798,134985,23.7292162,-99.1323571,0,4,0,0,0,0,1,0,2,0,1.0
799,134986,23.732422600000003,-99.15866020000001,0,0,0,0,1,1,0,1,17,1,1.0
800,134988,23.7318602,-99.1504365,0,4,0,2,0,0,0,0,21,0,1.0
801,134989,22.1489337,-101.01984499999999,2,3,0,1,0,0,0,0,2,1,1.0
802,134990,23.754356899999998,-99.171288,0,0,1,1,1,0,0,1,12,1,1.0
803,134990,23.752707100000002,-99.1625655,0,4,0,1,0,0,1,0,10,0,1.0
804,134997,23.7521965,-99.16663170000001,0,2,0,1,1,0,0,1,12,0,1.0
805,134997,22.1477379,-100.9906163,0,0,0,2,0,0,0,0,20,0,1.0
806,134997,22.153323999999998,-101.0195459,0,0,0,2,0,0,0,0,16,0,1.0
807,134999,18.9101777,-99.2315438,1,0,0,0,0,0,0,0,3,0,1.0
808,135002,18.8820871,-99.1630268,1,2,1,2,0,0,0,1,2,0,1.0
809,135003,18.9257734,-99.2326355,0,4,1,2,0,0,1,0,14,1,1.0
810,135004,18.869992899999996,-99.2103195,1,2,0,0,1,0,0,1,12,0,1.0
811,135004,22.1473922,-100.983092,0,0,0,1,1,0,0,1,10,1,1.0
812,135005,22.1508494,-100.9397522,0,0,0,1,1,0,0,0,2,1,1.0
813,135007,22.156469,-100.98554,0,4,1,0,1,0,0,0,12,1,1.0
814,135007,22.1262926,-100.90077640000001,0,0,0,0,0,0,0,0,10,2,1.0
815,135007,22.142273199999998,-100.94265370000001,0,2,1,0,1,0,0,1,2,2,1.0
816,135008,22.144336499999998,-100.9373825,0,0,0,0,1,0,0,1,11,1,1.0
817,135018,22.136872,-100.9345736,0,4,0,1,1,0,0,0,2,1,1.0
818,135019,22.1378633,-100.9383273,1,0,0,1,0,0,0,0,12,0,1.0
819,135020,22.1513782,-100.97463370000001,1,0,0,1,1,0,0,0,12,0,1.0
820,135020,22.1312917,-100.9371941,0,0,0,1,1,0,0,0,2,2,1.0
821,135021,22.1480965,-101.0173023,0,4,0,1,0,0,1,0,22,2,1.0
822,135022,22.150642899999998,-100.9870148,1,0,1,1,2,0,0,0,2,0,1.0
823,135025,22.141219800000002,-100.93131070000001,0,4,0,1,0,0,0,0,2,0,1.0
824,135026,22.1412384,-100.9239252,0,4,0,0,0,0,0,0,12,2,1.0
825,135026,22.1430781,-100.9354788,0,4,0,0,1,0,0,0,10,1,1.0
826,135027,22.173595499999998,-100.9946027,0,4,0,2,0,0,0,0,2,2,1.0
827,135028,22.1499013,-100.9937793,1,3,0,0,2,0,1,1,2,2,1.0
828,135029,22.135363899999998,-100.93494770000001,0,0,0,1,1,0,0,0,12,2,1.0
829,135029,22.139577600000003,-101.0278863,0,0,0,1,1,0,0,0,10,2,1.0
830,135030,22.1795169,-100.9584358,0,0,0,1,1,0,0,0,20,1,1.0
831,135030,22.150305,-100.98913370000001,1,3,1,1,1,1,0,1,16,0,1.0
832,135031,22.1511348,-100.9823115,0,2,2,1,0,0,0,0,19,2,1.0
833,135032,22.1534997,-100.97624300000001,1,4,0,1,0,0,0,0,16,0,1.0
834,135032,22.1500193,-100.9799203,2,3,0,1,1,1,0,0,11,0,1.0
835,135034,22.1544736,-100.98580909999998,0,4,1,1,1,0,0,0,3,2,1.0
836,135035,22.160380800000002,-100.9880447,0,4,0,2,0,0,1,0,6,1,1.0
837,135036,22.147622,-101.01027490000001,1,0,0,1,1,0,1,0,12,1,1.0
838,135037,22.1449787,-101.0056829,0,0,0,1,1,1,1,0,2,1,1.0
839,135039,18.940828,-99.21542600000001,2,3,0,1,2,0,0,0,19,1,1.0
840,135041,18.916654,-99.22711,0,0,0,0,1,0,0,0,12,1,1.0
841,135041,18.948657,-99.235361,2,3,0,0,2,0,0,0,16,0,1.0
842,135042,18.928798,-99.239513,1,0,2,0,2,0,0,0,14,0,1.0
843,135043,18.932725,-99.225211,1,0,0,0,0,0,0,0,22,1,1.0
844,135043,18.936683,-99.247366,1,3,1,0,2,0,0,0,33,1,1.0
845,135044,18.923429000000002,-99.216413,1,1,0,0,0,0,1,0,14,2,1.0
846,135046,18.915421,-99.184871,0,0,0,0,0,0,0,0,22,1,1.0
847,135048,18.870565,-99.226938,0,0,0,0,0,0,0,0,12,2,1.0
848,135049,18.941859,-99.241927,1,0,0,1,0,0,1,0,19,0,1.0
849,135052,18.910610000000002,-99.169539,0,0,0,0,0,0,1,0,12,1,1.0
850,135052,18.917441,-99.165945,0,0,0,0,1,0,0,0,10,0,1.0
851,135053,18.869347,-99.209944,0,0,0,0,0,0,0,0,16,1,1.0
852,135053,18.859803,-99.222164,2,2,0,1,0,0,0,1,22,1,1.0
853,135053,18.875010999999997,-99.15942199999999,0,0,0,1,1,0,0,0,33,1,1.0
854,135054,18.933537,-99.222497,0,4,0,0,1,0,1,0,19,0,1.0
855,135055,22.14955,-100.97797,0,0,0,0,0,0,0,0,2,1,1.0
856,135056,22.148665,-101.001273,2,0,0,0,2,0,0,0,12,0,1.0
857,135057,22.147145000000002,-100.97449399999999,1,0,0,0,0,0,0,0,12,0,1.0
858,135058,22.146658,-100.987219,1,0,0,0,0,0,0,0,33,0,1.0
859,135059,22.147879999999997,-100.98947199999999,0,0,0,0,0,1,0,0,12,0,1.0
860,135060,22.152480999999998,-100.973486,1,3,0,0,0,0,0,0,19,0,1.0
861,135061,22.14161,-100.97314200000001,0,3,0,0,0,0,0,0,11,4,1.0
862,135069,22.140517000000003,-101.021422,0,0,0,0,0,0,0,0,12,1,1.0
863,135071,22.145813,-101.01803199999999,0,3,0,0,2,0,0,0,12,0,1.0
864,135071,22.155651000000002,-100.977767,0,3,0,0,0,0,0,0,10,1,1.0
865,135072,22.145893,-100.97487,0,3,0,0,1,0,0,0,3,0,1.0
866,135073,22.135617,-100.969709,1,0,0,0,2,0,0,0,12,1,1.0
867,135073,22.15106,-100.977659,1,0,0,0,0,0,0,0,10,0,1.0
868,135074,22.159357,-100.973411,0,0,0,0,0,0,0,0,11,0,1.0
869,135075,22.185756,-100.944518,0,0,0,0,0,0,0,0,19,0,1.0
870,135079,22.141848,-100.997475,0,0,0,0,0,0,0,0,14,0,1.0
871,135085,22.151189000000002,-100.98179,1,0,1,0,2,0,0,0,22,1,1.0
872,135086,22.141282,-101.00295799999999,0,0,0,0,0,0,0,0,7,0,1.0
873,135086,22.150921,-100.99382800000001,1,3,0,0,2,0,0,0,22,0,1.0
874,135088,22.142017000000003,-100.999246,1,0,0,0,2,0,0,0,16,0,1.0
875,135089,22.135011,-101.0286,0,0,0,0,0,0,0,0,19,0,1.0
876,135090,22.174887,-100.970825,1,0,0,0,2,0,0,0,2,1,1.0
877,135091,22.151189000000002,-100.977058,0,3,0,0,1,0,0,0,3,0,1.0
878,135091,22.150980999999998,-100.977412,2,0,0,0,2,0,0,0,32,0,1.0
879,135092,22.178931,-101.012861,0,3,0,0,2,0,0,0,16,1,1.0
880,135092,22.140626,-100.915657,0,0,0,0,2,0,0,0,2,0,1.0
881,135093,22.148854,-101.008472,0,3,0,0,2,0,0,0,2,1,1.0
882,135094,22.145992,-100.955118,1,3,0,0,0,0,0,0,2,0,1.0
883,135097,22.165587,-101.001273,0,0,0,0,0,0,1,0,20,0,1.0
884,135097,22.145108,-100.989547,1,3,0,0,0,0,0,0,16,1,1.0
885,135097,22.156882999999997,-100.97848499999999,0,0,0,0,0,0,0,0,11,0,1.0
886,135097,22.153703,-100.979033,0,0,0,0,0,0,0,0,30,0,1.0
887,135097,22.156724,-100.97555600000001,0,0,0,0,0,0,0,0,31,0,1.0
888,135097,22.154687,-100.996617,0,0,0,0,2,0,0,0,2,0,1.0
889,135098,22.14958,-100.999557,1,3,0,0,2,0,0,0,28,0,1.0
890,135098,22.16835,-100.972466,1,3,0,0,2,0,0,0,17,0,1.0
891,135098,22.140129,-100.944872,1,0,0,0,1,0,0,0,18,0,1.0
892,135098,22.152918,-100.915164,0,0,0,0,0,0,0,0,25,0,1.0
893,135099,22.126375,-100.910926,2,3,0,0,0,0,0,0,26,0,1.0
894,135099,22.149192000000003,-101.002936,0,0,0,0,0,0,0,0,23,0,1.0
895,135099,22.147175,-100.97426899999999,1,3,0,0,2,0,0,0,17,0,1.0
896,135099,22.149689000000002,-100.999525,1,3,0,0,2,0,0,0,27,0,1.0
897,135099,22.139573000000002,-100.991564,0,0,0,0,0,0,0,0,25,0,1.0
898,135099,22.181017,-100.973614,1,0,0,0,2,0,0,0,29,0,1.0
899,135100,22.156376,-100.998355,0,0,0,0,2,0,0,0,2,0,1.0
900,135100,22.145007999999997,-100.997969,0,3,0,0,2,0,0,0,25,0,1.0
901,135101,22.164842,-100.960493,0,0,0,0,0,0,0,0,2,0,1.0
902,135101,22.151448000000002,-100.915099,0,0,0,0,0,0,0,0,25,0,1.0
903,135102,22.150802,-100.98268,0,4,0,0,0,0,0,0,18,0,1.0
904,135102,22.141420999999998,-101.01395500000001,0,4,0,0,0,0,1,0,2,0,1.0
905,135102,18.876011300000002,-99.2198896,0,4,0,0,1,1,0,0,25,0,1.0
906,135103,23.752982100000004,-99.16843409999998,2,4,0,1,0,0,1,0,7,2,1.0
907,135103,22.149708800000003,-100.97609279999999,1,1,0,2,0,0,0,1,23,2,1.0
908,135103,22.136253399999998,-100.93358520000001,0,0,0,1,1,0,0,0,22,1,1.0
909,135103,18.9217848,-99.2353499,1,4,0,0,0,1,0,0,9,1,1.0
910,135104,23.752304100000003,-99.16691329999999,0,2,0,0,1,0,0,1,2,1,1.0
911,135105,23.726819,-99.1265059,0,0,0,1,1,0,0,0,22,1,1.0
912,135106,23.7309245,-99.1451848,0,0,0,1,1,0,0,0,2,1,1.0
913,135107,22.141647100000004,-100.9927118,0,4,0,1,1,0,0,0,18,1,1.0
914,135109,18.922290399999998,-99.234332,0,4,0,2,1,0,1,0,6,0,1.0
915,135110,23.752364800000002,-99.16528790000001,0,4,0,1,0,0,1,0,1,1,1.0
